date,maturity_bucket,inflows,outflows,funding_gap,gap_status
2025-01-01,0-30 Days,2560064195.9,1731863863.64,828200332.26,Positive
2025-01-01,31-90 Days,9177280646.32,6166873032.46,3010407613.86,Positive
2025-01-01,91-180 Days,7460738979.86,5046854888.94,2413884090.92,Positive
2025-01-01,180-365 Days,17560461338.7,11857089191.78,5703372146.92,Positive
2025-01-01,1+ Years,8961163843.91,6077769699.02,2883394144.88,Positive
2025-01-02,0-30 Days,2554877675.3,1711274527.21,843603148.09,Positive
2025-01-02,31-90 Days,9167242219.34,6127022703.88,3040219515.46,Positive
2025-01-02,91-180 Days,7445681339.4,4987079396.08,2458601943.32,Positive
2025-01-02,180-365 Days,17529509522.2,11734217345.34,5795292176.86,Positive
2025-01-02,1+ Years,8939790359.81,5992921707.76,2946868652.05,Positive
2025-01-03,0-30 Days,2554342961.72,1721605337.79,832737623.93,Positive
2025-01-03,31-90 Days,9166207289.84,6147017821.13,3019189468.7,Positive
2025-01-03,91-180 Days,7444128945.14,5017072071.96,2427056873.18,Positive
2025-01-03,180-365 Days,17526318489.55,11795868956.86,5730449532.68,Positive
2025-01-03,1+ Years,8937586822.4,6035494644.91,2902092177.49,Positive
2025-01-04,0-30 Days,2546787196.39,1706187376.39,840599820.01,Positive
2025-01-04,31-90 Days,9151583227.92,6117176605.52,3034406622.4,Positive
2025-01-04,91-180 Days,7422192852.26,4972310248.54,2449882603.72,Positive
2025-01-04,180-365 Days,17481227631.97,11703858542.06,5777369089.91,Positive
2025-01-04,1+ Years,8906449757.23,5971957723.33,2934492033.89,Positive
2025-01-05,0-30 Days,2563673691.73,1716088870.75,847584820.98,Positive
2025-01-05,31-90 Days,9184266767.28,6136340788.16,3047925979.12,Positive
2025-01-05,91-180 Days,7471218161.3,5001056522.49,2470161638.81,Positive
2025-01-05,180-365 Days,17582001878.34,11762948105.19,5819053773.15,Positive
2025-01-05,1+ Years,8976038459.79,6012761462.2,2963276997.59,Positive
2025-01-06,0-30 Days,2546767120.51,1722835646.36,823931474.15,Positive
2025-01-06,31-90 Days,9151544371.37,6149399063.54,3002145307.84,Positive
2025-01-06,91-180 Days,7422134567.44,5020643935.56,2401490631.88,Positive
2025-01-06,180-365 Days,17481107824.29,11803211120.94,5677896703.35,Positive
2025-01-06,1+ Years,8906367025.17,6040564706.86,2865802318.31,Positive
2025-01-07,0-30 Days,2549611018.54,1722092609.34,827518409.2,Positive
2025-01-07,31-90 Days,9157048690.14,6147960927.37,3009087762.78,Positive
2025-01-07,91-180 Days,7430391045.6,5018486731.3,2411904314.29,Positive
2025-01-07,180-365 Days,17498079473.83,11798776867.75,5699302606.08,Positive
2025-01-07,1+ Years,8918086637.22,6037502675.26,2880583961.95,Positive
2025-01-08,0-30 Days,2556476091.2,1728839510.15,827636581.04,Positive
2025-01-08,31-90 Days,9170335927.54,6161019445.07,3009316482.47,Positive
2025-01-08,91-180 Days,7450321901.69,5038074507.86,2412247393.83,Positive
2025-01-08,180-365 Days,17539048455.8,11839040630.67,5700007825.13,Positive
2025-01-08,1+ Years,8946377380.17,6065306435.87,2881070944.3,Positive
2025-01-09,0-30 Days,2537283481.8,1722918816.75,814364665.05,Positive
2025-01-09,31-90 Days,9133188941.61,6149560038.48,2983628903.13,Positive
2025-01-09,91-180 Days,7394601422.8,5020885397.98,2373716024.83,Positive
2025-01-09,180-365 Days,17424511915.86,11803707460.36,5620804455.51,Positive
2025-01-09,1+ Years,8867285255.97,6040907449.35,2826377806.62,Positive
2025-01-10,0-30 Days,2546182113.02,1714847437.1,831334675.92,Positive
2025-01-10,31-90 Days,9150412098.82,6133938013.36,3016474085.46,Positive
2025-01-10,91-180 Days,7420436158.61,4997452360.29,2422983798.32,Positive
2025-01-10,180-365 Days,17477616650.57,11755539549.55,5722077101.02,Positive
2025-01-10,1+ Years,8903956228.18,6007645554.19,2896310674.0,Positive
2025-01-11,0-30 Days,2556827840.05,1727035475.92,829792364.13,Positive
2025-01-11,31-90 Days,9171016731.77,6157527765.91,3013488965.87,Positive
2025-01-11,91-180 Days,7451343108.04,5032836989.12,2418506118.93,Positive
2025-01-11,180-365 Days,17541147602.19,11828274619.92,5712872982.27,Positive
2025-01-11,1+ Years,8947826925.85,6057872068.99,2889954856.86,Positive
2025-01-12,0-30 Days,2544164180.06,1723649340.17,820514839.89,Positive
2025-01-12,31-90 Days,9146506422.11,6150973954.78,2995532467.33,Positive
2025-01-12,91-180 Days,7414577643.55,5023006272.43,2391571371.12,Positive
2025-01-12,180-365 Days,17465574147.39,11808067035.61,5657507111.78,Positive
2025-01-12,1+ Years,8895640391.53,6043917912.8,2851722478.73,Positive
2025-01-13,0-30 Days,2557010033.81,1724809701.39,832200332.41,Positive
2025-01-13,31-90 Days,9171369364.85,6153219815.21,3018149549.63,Positive
2025-01-13,91-180 Days,7451872057.65,5026375063.08,2425496994.58,Positive
2025-01-13,180-365 Days,17542234887.5,11814991771.94,5727243115.55,Positive
2025-01-13,1+ Years,8948577740.44,6048699723.97,2899878016.47,Positive
2025-01-14,0-30 Days,2541168704.96,1717387484.63,823781220.33,Positive
2025-01-14,31-90 Days,9140708728.37,6138854234.38,3001854493.99,Positive
2025-01-14,91-180 Days,7405881102.94,5004826691.83,2401054411.11,Positive
2025-01-14,180-365 Days,17447697925.03,11770697897.72,5677000027.31,Positive
2025-01-14,1+ Years,8883296135.28,6018113008.12,2865183127.15,Positive
2025-01-15,0-30 Days,2553663810.65,1720128698.5,833535112.15,Positive
2025-01-15,31-90 Days,9164892803.9,6144159809.6,3020732994.3,Positive
2025-01-15,91-180 Days,7442157216.24,5012785054.66,2429372161.58,Positive
2025-01-15,180-365 Days,17522265491.25,11787056754.65,5735208736.61,Positive
2025-01-15,1+ Years,8934788062.76,6029409462.03,2905378600.73,Positive
2025-01-16,0-30 Days,2556408896.24,1726742493.54,829666402.7,Positive
2025-01-16,31-90 Days,9170205872.79,6156960703.24,3013245169.55,Positive
2025-01-16,91-180 Days,7450126819.56,5031986395.11,2418140424.45,Positive
2025-01-16,180-365 Days,17538647453.65,11826526176.68,5712121276.96,Positive
2025-01-16,1+ Years,8946100471.93,6056664698.06,2889435773.87,Positive
2025-01-17,0-30 Days,2536438942.38,1712267150.89,824171791.5,Positive
2025-01-17,31-90 Days,9131554349.19,6128943911.0,3002610438.19,Positive
2025-01-17,91-180 Days,7392149534.17,4989961206.76,2402188327.41,Positive
2025-01-17,180-365 Days,17419471922.56,11740141067.3,5679330855.26,Positive
2025-01-17,1+ Years,8863804936.27,5997012277.93,2866792658.34,Positive
2025-01-18,0-30 Days,2557319723.62,1724299048.87,833020674.76,Positive
2025-01-18,31-90 Days,9171968764.49,6152231455.48,3019737309.01,Positive
2025-01-18,91-180 Days,7452771157.13,5024892523.48,2427878633.64,Positive
2025-01-18,180-365 Days,17544083036.41,11811944329.45,5732138706.96,Positive
2025-01-18,1+ Years,8949853962.19,6046595341.38,2903258620.81,Positive
2025-01-19,0-30 Days,2551764337.52,1718337925.64,833426411.88,Positive
2025-01-19,31-90 Days,9161216404.3,6140693797.63,3020522606.67,Positive
2025-01-19,91-180 Days,7436642616.83,5007586036.7,2429056580.14,Positive
2025-01-19,180-365 Days,17510929925.82,11776369884.39,5734560041.43,Positive
2025-01-19,1+ Years,8926960395.28,6022029744.86,2904930650.41,Positive
2025-01-20,0-30 Days,2553526172.18,1734218476.79,819307695.39,Positive
2025-01-20,31-90 Days,9164626406.87,6171430348.24,2993196058.62,Positive
2025-01-20,91-180 Days,7441757620.68,5053690862.62,2388066758.06,Positive
2025-01-20,180-365 Days,17521444100.39,11871140915.46,5650303184.93,Positive
2025-01-20,1+ Years,8934220859.07,6087472983.89,2846747875.19,Positive
2025-01-21,0-30 Days,2564877104.44,1725522096.2,839355008.24,Positive
2025-01-21,31-90 Days,9186595953.16,6154598643.86,3031997309.3,Positive
2025-01-21,91-180 Days,7474711940.13,5028443306.05,2446268634.08,Positive
2025-01-21,180-365 Days,17589183534.81,11819243160.28,5769940374.53,Positive
2025-01-21,1+ Years,8980997684.73,6051635479.97,2929362204.76,Positive
2025-01-22,0-30 Days,2534601072.29,1722374389.29,812226683.0,Positive
2025-01-22,31-90 Days,9127997181.27,6148506307.91,2979490873.36,Positive
2025-01-22,91-180 Days,7386813782.28,5019304802.12,2367508980.17,Positive
2025-01-22,180-365 Days,17408503988.13,11800458457.75,5608045530.38,Positive
2025-01-22,1+ Years,8856231132.9,6038663881.33,2817567251.57,Positive
2025-01-23,0-30 Days,2560802607.68,1719546325.84,841256281.84,Positive
2025-01-23,31-90 Days,9178709830.41,6143032636.72,3035677193.68,Positive
2025-01-23,91-180 Days,7462882756.0,5011094295.34,2451788460.65,Positive
2025-01-23,180-365 Days,17564867989.65,11783581304.94,5781286684.71,Positive
2025-01-23,1+ Years,8964206815.03,6027009523.11,2937197291.93,Positive
2025-01-24,0-30 Days,2565545042.88,1733867051.79,831677991.09,Positive
2025-01-24,31-90 Days,9187888737.24,6170750170.81,3017138566.43,Positive
2025-01-24,91-180 Days,7476651116.25,5052670596.47,2423980519.77,Positive
2025-01-24,180-365 Days,17593169619.05,11869043701.71,5724125917.34,Positive
2025-01-24,1+ Years,8983750237.5,6086024772.77,2897725464.73,Positive
2025-01-25,0-30 Days,2546075595.91,1721408753.04,824666842.88,Positive
2025-01-25,31-90 Days,9150205936.67,6146637334.52,3003568602.15,Positive
2025-01-25,91-180 Days,7420126915.38,5016501342.03,2403625573.35,Positive
2025-01-25,180-365 Days,17476980983.94,11794695789.8,5682285194.14,Positive
2025-01-25,1+ Years,8903517274.6,6034684525.49,2868832749.11,Positive
2025-01-26,0-30 Days,2528896923.12,1711068478.13,817828444.99,Positive
2025-01-26,31-90 Days,9116956892.55,6126623899.22,2990332993.33,Positive
2025-01-26,91-180 Days,7370253349.2,4986481189.09,2383772160.12,Positive
2025-01-26,180-365 Days,17374463097.91,11732987697.63,5641475400.27,Positive
2025-01-26,1+ Years,8832724518.17,5992072586.17,2840651932.0,Positive
2025-01-27,0-30 Days,2547591494.54,1720758736.18,826832758.36,Positive
2025-01-27,31-90 Days,9153139934.01,6145379237.37,3007760696.64,Positive
2025-01-27,91-180 Days,7424527911.4,5014614196.32,2409913715.09,Positive
2025-01-27,180-365 Days,17486027475.76,11790816656.94,5695210818.82,Positive
2025-01-27,1+ Years,8909764243.96,6032005826.99,2877758416.97,Positive
2025-01-28,0-30 Days,2559552520.74,1704094724.97,855457795.76,Positive
2025-01-28,31-90 Days,9176290307.29,6113126312.46,3063163994.83,Positive
2025-01-28,91-180 Days,7459253471.33,4966234808.95,2493018662.38,Positive
2025-01-28,180-365 Days,17557407793.38,11691370138.46,5866037654.92,Positive
2025-01-28,1+ Years,8959055247.07,5963333974.36,2995721272.71,Positive
2025-01-29,0-30 Days,2542091568.55,1709100765.54,832990803.01,Positive
2025-01-29,31-90 Days,9142494915.97,6122815423.24,3019679492.73,Positive
2025-01-29,91-180 Days,7408560384.34,4980768475.12,2427791909.22,Positive
2025-01-29,180-365 Days,17453205336.8,11721244896.7,5731960440.1,Positive
2025-01-29,1+ Years,8887099226.38,5983963706.07,2903135520.31,Positive
2025-01-30,0-30 Days,2554743303.51,1711563965.64,843179337.87,Positive
2025-01-30,31-90 Days,9166982144.91,6127582907.3,3039399237.61,Positive
2025-01-30,91-180 Days,7445291227.75,4987919701.21,2457371526.54,Positive
2025-01-30,180-365 Days,17528707626.03,11735944639.21,5792762986.81,Positive
2025-01-30,1+ Years,8939236617.99,5994114474.21,2945122143.78,Positive
2025-01-31,0-30 Days,2543760386.89,1718105817.81,825654569.09,Positive
2025-01-31,31-90 Days,9145724886.95,6140244556.66,3005480330.29,Positive
2025-01-31,91-180 Days,7413405340.81,5006912175.24,2406493165.57,Positive
2025-01-31,180-365 Days,17463164414.0,11774984724.74,5688179689.26,Positive
2025-01-31,1+ Years,8893976372.93,6021073235.97,2872903136.96,Positive
2025-02-01,0-30 Days,2541092598.35,1724116845.08,816975753.27,Positive
2025-02-01,31-90 Days,9140561425.26,6151878803.0,2988682622.26,Positive
2025-02-01,91-180 Days,7405660148.27,5024363544.76,2381296603.52,Positive
2025-02-01,180-365 Days,17447243740.43,11810856984.29,5636386756.15,Positive
2025-02-01,1+ Years,8882982502.4,6045844485.47,2837138016.93,Positive
2025-02-02,0-30 Days,2556751682.59,1729247903.46,827503779.12,Positive
2025-02-02,31-90 Days,9170869330.23,6161809883.74,3009059446.5,Positive
2025-02-02,91-180 Days,7451122005.74,5039260165.86,2411861839.88,Positive
2025-02-02,180-365 Days,17540693114.11,11841477816.56,5699215297.56,Positive
2025-02-02,1+ Years,8947513083.41,6066989411.54,2880523671.88,Positive
2025-02-03,0-30 Days,2558008074.99,1727927481.19,830080593.8,Positive
2025-02-03,31-90 Days,9173301057.45,6159254227.71,3014046829.74,Positive
2025-02-03,91-180 Days,7454769596.56,5035426681.82,2419342914.74,Positive
2025-02-03,180-365 Days,17548190939.7,11833597877.15,5714593062.56,Positive
2025-02-03,1+ Years,8952690635.95,6061547993.92,2891142642.03,Positive
2025-02-04,0-30 Days,2567110269.56,1707539237.8,859571031.76,Positive
2025-02-04,31-90 Days,9190918208.25,6119793111.49,3071125096.76,Positive
2025-02-04,91-180 Days,7481195322.76,4976235007.48,2504960315.27,Positive
2025-02-04,180-365 Days,17602510487.99,11711926102.12,5890584385.87,Positive
2025-02-04,1+ Years,8990200486.18,5977528700.62,3012671785.57,Positive
2025-02-05,0-30 Days,2556861388.21,1724087917.35,832773470.86,Positive
2025-02-05,31-90 Days,9171081663.69,6151822813.84,3019258849.85,Positive
2025-02-05,91-180 Days,7451440505.91,5024279561.01,2427160944.9,Positive
2025-02-05,180-365 Days,17541347808.92,11810684351.04,5730663457.88,Positive
2025-02-05,1+ Years,8947965176.72,6045725275.21,2902239901.51,Positive
2025-02-06,0-30 Days,2545930482.36,1723198228.89,822732253.48,Positive
2025-02-06,31-90 Days,9149925071.73,6150100836.16,2999824235.57,Positive
2025-02-06,91-180 Days,7419705617.98,5021696594.5,2398009023.48,Positive
2025-02-06,180-365 Days,17476114983.72,11805374919.88,5670740063.85,Positive
2025-02-06,1+ Years,8902919266.35,6042058897.75,2860860368.6,Positive
2025-02-07,0-30 Days,2552265208.93,1728534771.01,823730437.92,Positive
2025-02-07,31-90 Days,9162185832.83,6160429627.38,3001756205.45,Positive
2025-02-07,91-180 Days,7438096759.63,5037189781.33,2400906978.3,Positive
2025-02-07,180-365 Days,17513918997.12,11837222026.12,5676696970.99,Positive
2025-02-07,1+ Years,8929024470.19,6064050615.71,2864973854.48,Positive
2025-02-08,0-30 Days,2546845630.63,1701657532.15,845188098.49,Positive
2025-02-08,31-90 Days,9151696326.45,6108409165.05,3043287161.39,Positive
2025-02-08,91-180 Days,7422362500.05,4959159087.84,2463203412.21,Positive
2025-02-08,180-365 Days,17481576352.43,11676825600.62,5804750751.81,Positive
2025-02-08,1+ Years,8906690562.84,5953290381.34,2953400181.5,Positive
2025-02-09,0-30 Days,2545462205.91,1720134886.32,825327319.6,Positive
2025-02-09,31-90 Days,9149018730.21,6144171786.03,3004846944.19,Positive
2025-02-09,91-180 Days,7418346105.7,5012803019.3,2405543086.41,Positive
2025-02-09,180-365 Days,17473320430.71,11787093681.96,5686226748.76,Positive
2025-02-09,1+ Years,8900989514.2,6029434961.83,2871554552.37,Positive
2025-02-10,0-30 Days,2567754665.92,1720695607.3,847059058.62,Positive
2025-02-10,31-90 Days,9192165427.0,6145257052.45,3046908374.55,Positive
2025-02-10,91-180 Days,7483066150.89,5014430918.93,2468635231.96,Positive
2025-02-10,180-365 Days,17606356079.15,11790439920.1,5815916159.06,Positive
2025-02-10,1+ Years,8992856022.78,6031745674.93,2961110347.86,Positive
2025-02-11,0-30 Days,2550294576.32,1714550527.74,835744048.58,Positive
2025-02-11,31-90 Days,9158371705.19,6133363350.07,3025008355.12,Positive
2025-02-11,91-180 Days,7432375568.17,4996590365.37,2435785202.8,Positive
2025-02-11,180-365 Days,17502158770.23,11753767671.1,5748391099.13,Positive
2025-02-11,1+ Years,8920903556.76,6006422000.28,2914481556.48,Positive
2025-02-12,0-30 Days,2534195941.29,1716185375.69,818010565.61,Positive
2025-02-12,31-90 Days,9127213056.76,6136527571.91,2990685484.85,Positive
2025-02-12,91-180 Days,7385637595.52,5001336698.12,2384300897.4,Positive
2025-02-12,180-365 Days,17406086270.89,11763524021.75,5642562249.14,Positive
2025-02-12,1+ Years,8854561601.13,6013159155.93,2841402445.2,Positive
2025-02-13,0-30 Days,2547240660.24,1727649798.7,819590861.54,Positive
2025-02-13,31-90 Days,9152460899.88,6158716777.73,2993744122.15,Positive
2025-02-13,91-180 Days,7423509360.2,5034620506.85,2388888853.35,Positive
2025-02-13,180-365 Days,17483933787.18,11831940739.7,5651993047.47,Positive
2025-02-13,1+ Years,8908318467.11,6060403673.33,2847914793.78,Positive
2025-02-14,0-30 Days,2569778194.93,1722976926.01,846801268.92,Positive
2025-02-14,31-90 Days,9196081934.77,6149672508.02,3046409426.75,Positive
2025-02-14,91-180 Days,7488940912.54,5021054102.29,2467886810.26,Positive
2025-02-14,180-365 Days,17618431978.11,11804054241.43,5814377736.67,Positive
2025-02-14,1+ Years,9001194920.58,6041146915.74,2960048004.83,Positive
2025-02-15,0-30 Days,2543028911.77,1725680851.74,817348060.03,Positive
2025-02-15,31-90 Days,9144309128.66,6154905912.66,2989403215.99,Positive
2025-02-15,91-180 Days,7411281703.37,5028904209.25,2382377494.12,Positive
2025-02-15,180-365 Days,17458799159.25,11820190572.42,5638608586.83,Positive
2025-02-15,1+ Years,8890961987.55,6052289706.46,2838672281.09,Positive
2025-02-16,0-30 Days,2574407782.14,1726605026.67,847802755.47,Positive
2025-02-16,31-90 Days,9205042426.14,6156694638.32,3048347787.81,Positive
2025-02-16,91-180 Days,7502381649.59,5031587297.74,2470794351.85,Positive
2025-02-16,180-365 Days,17646060159.81,11825705809.87,5820354349.94,Positive
2025-02-16,1+ Years,9020273300.1,6056098201.51,2964175098.59,Positive
2025-02-17,0-30 Days,2554745565.92,1712371997.51,842373568.41,Positive
2025-02-17,31-90 Days,9166986523.79,6129146839.95,3037839683.83,Positive
2025-02-17,91-180 Days,7445297796.06,4990265600.18,2455032195.88,Positive
2025-02-17,180-365 Days,17528721127.56,11740766764.89,5787954362.67,Positive
2025-02-17,1+ Years,8939245941.35,5997444347.48,2941801593.87,Positive
2025-02-18,0-30 Days,2563984012.71,1719859078.2,844124934.51,Positive
2025-02-18,31-90 Days,9184867388.53,6143637963.86,3041229424.67,Positive
2025-02-18,91-180 Days,7472119093.18,5012002286.05,2460116807.13,Positive
2025-02-18,180-365 Days,17583853793.86,11785447730.27,5798406063.58,Positive
2025-02-18,1+ Years,8977317282.53,6028298365.47,2949018917.07,Positive
2025-02-19,0-30 Days,2559004618.88,1697999597.33,861005021.55,Positive
2025-02-19,31-90 Days,9175229852.08,6101329291.21,3073900560.87,Positive
2025-02-19,91-180 Days,7457662788.5,4948539277.07,2509123511.43,Positive
2025-02-19,180-365 Days,17554138056.47,11654995989.61,5899142066.86,Positive
2025-02-19,1+ Years,8956797361.17,5938216149.95,3018581211.22,Positive
2025-02-20,0-30 Days,2559208679.9,1739532427.02,819676252.87,Positive
2025-02-20,31-90 Days,9175624808.89,6181715413.2,2993909395.69,Positive
2025-02-20,91-180 Days,7458255223.72,5069118460.06,2389136763.66,Positive
2025-02-20,180-365 Days,17555355839.98,11902853199.08,5652502640.89,Positive
2025-02-20,1+ Years,8957638290.06,6109371601.36,2848266688.7,Positive
2025-02-21,0-30 Days,2549168226.79,1730478804.51,818689422.28,Positive
2025-02-21,31-90 Days,9156191673.85,6164192272.85,2991999400.99,Positive
2025-02-21,91-180 Days,7429105521.15,5042833749.54,2386271771.62,Positive
2025-02-21,180-365 Days,17495437006.92,11848823516.34,5646613490.58,Positive
2025-02-21,1+ Years,8916261906.69,6072061915.03,2844199991.65,Positive
2025-02-22,0-30 Days,2571995399.87,1720041512.22,851953887.65,Positive
2025-02-22,31-90 Days,9200373299.17,6143991061.97,3056382237.2,Positive
2025-02-22,91-180 Days,7495377959.14,5012531933.22,2482846025.92,Positive
2025-02-22,180-365 Days,17631663685.0,11786536449.45,5845127235.54,Positive
2025-02-22,1+ Years,9010331950.6,6029050170.2,2981281780.4,Positive
2025-02-23,0-30 Days,2552962958.6,1717080937.02,835882021.58,Positive
2025-02-23,31-90 Days,9163536316.05,6138260916.42,3025275399.63,Positive
2025-02-23,91-180 Days,7440122484.46,5003936714.88,2436185769.58,Positive
2025-02-23,180-365 Days,17518082987.05,11768868500.66,5749214486.39,Positive
2025-02-23,1+ Years,8931899874.05,6016849735.29,2915050138.76,Positive
2025-02-24,0-30 Days,2558112397.64,1734033727.88,824078669.76,Positive
2025-02-24,31-90 Days,9173502972.27,6171072769.7,3002430202.56,Positive
2025-02-24,91-180 Days,7455072468.78,5053154494.81,2401917973.97,Positive
2025-02-24,180-365 Days,17548813510.38,11870038381.62,5678775128.76,Positive
2025-02-24,1+ Years,8953120546.24,6086711639.57,2866408906.67,Positive
2025-02-25,0-30 Days,2552013214.2,1730174122.06,821839092.15,Positive
2025-02-25,31-90 Days,9161698101.1,6163602564.88,2998095536.22,Positive
2025-02-25,91-180 Days,7437365162.04,5041949187.58,2395415974.46,Positive
2025-02-25,180-365 Days,17512415157.62,11847005250.08,5665409907.54,Positive
2025-02-25,1+ Years,8927986008.05,6070806328.47,2857179679.58,Positive
2025-02-26,0-30 Days,2559958331.46,1719209437.63,840748893.83,Positive
2025-02-26,31-90 Days,9177075747.39,6142380595.02,3034695152.37,Positive
2025-02-26,91-180 Days,7460431631.48,5010116232.79,2450315398.69,Positive
2025-02-26,180-365 Days,17559829567.02,11781570843.02,5778258724.0,Positive
2025-02-26,1+ Years,8960727579.95,6025621217.65,2935106362.3,Positive
2025-02-27,0-30 Days,2542977940.39,1723287166.81,819690773.58,Positive
2025-02-27,31-90 Days,9144210474.37,6150272974.09,2993937500.28,Positive
2025-02-27,91-180 Days,7411133721.94,5021954801.39,2389178920.55,Positive
2025-02-27,180-365 Days,17458494975.19,11805905678.48,5652589296.71,Positive
2025-02-27,1+ Years,8890751936.13,6042425408.08,2848326528.05,Positive
2025-02-28,0-30 Days,2547226865.52,1721482598.54,825744266.98,Positive
2025-02-28,31-90 Days,9152434200.42,6146780261.31,3005653939.11,Positive
2025-02-28,91-180 Days,7423469311.01,5016715732.22,2406753578.8,Positive
2025-02-28,180-365 Days,17483851463.85,11795136480.73,5688714983.12,Positive
2025-02-28,1+ Years,8908261619.51,6034988840.45,2873272779.07,Positive
2025-03-01,0-30 Days,2556155577.63,1719535783.33,836619794.3,Positive
2025-03-01,31-90 Days,9169715578.7,6143012231.86,3026703346.84,Positive
2025-03-01,91-180 Days,7449391378.44,5011063688.04,2438327690.39,Positive
2025-03-01,180-365 Days,17537135713.55,11783518389.94,5753617323.62,Positive
2025-03-01,1+ Years,8945056554.11,6026966077.75,2918090476.36,Positive
2025-03-02,0-30 Days,2541431266.31,1717922163.78,823509102.53,Positive
2025-03-02,31-90 Days,9141216911.63,6139889097.25,3001327814.38,Positive
2025-03-02,91-180 Days,7406643377.82,5006378986.13,2400264391.69,Positive
2025-03-02,180-365 Days,17449264823.41,11773888724.89,5675376098.51,Positive
2025-03-02,1+ Years,8884378142.13,6020316403.64,2864061738.48,Positive
2025-03-03,0-30 Days,2561528153.24,1717123288.17,844404865.07,Positive
2025-03-03,31-90 Days,9180114112.14,6138342886.39,3041771225.74,Positive
2025-03-03,91-180 Days,7464989178.59,5004059669.85,2460929508.74,Positive
2025-03-03,180-365 Days,17569197858.31,11769121241.42,5800076616.9,Positive
2025-03-03,1+ Years,8967196764.88,6017024263.03,2950172501.85,Positive
2025-03-04,0-30 Days,2541282872.21,1717502266.22,823780605.98,Positive
2025-03-04,31-90 Days,9140929697.23,6139076392.3,3001853304.93,Positive
2025-03-04,91-180 Days,7406212556.23,5005159928.7,2401052627.53,Positive
2025-03-04,180-365 Days,17448379245.69,11771382884.63,5676996361.06,Positive
2025-03-04,1+ Years,8883766614.81,6018586019.35,2865180595.46,Positive
2025-03-05,0-30 Days,2554359791.97,1722086819.11,832272972.85,Positive
2025-03-05,31-90 Days,9166239864.51,6147949720.48,3018290144.03,Positive
2025-03-05,91-180 Days,7444177807.15,5018469920.97,2425707886.18,Positive
2025-03-05,180-365 Days,17526418928.13,11798742313.17,5727676614.96,Positive
2025-03-05,1+ Years,8937656179.31,6037478813.93,2900177365.38,Positive
2025-03-06,0-30 Days,2551852843.91,1738800454.48,813052389.44,Positive
2025-03-06,31-90 Days,9161387706.99,6180298692.14,2981089014.84,Positive
2025-03-06,91-180 Days,7436899570.86,5066993378.47,2369906192.39,Positive
2025-03-06,180-365 Days,17511458109.1,11898484975.81,5612973133.28,Positive
2025-03-06,1+ Years,8927325127.25,6106355166.1,2820969961.14,Positive
2025-03-07,0-30 Days,2546600483.47,1721493490.47,825106993.0,Positive
2025-03-07,31-90 Days,9151221848.07,6146801342.45,3004420505.62,Positive
2025-03-07,91-180 Days,7421650782.49,5016747353.93,2404903428.55,Positive
2025-03-07,180-365 Days,17480113377.43,11795201480.93,5684911896.5,Positive
2025-03-07,1+ Years,8905680319.3,6035033725.72,2870646593.58,Positive
2025-03-08,0-30 Days,2536498280.45,1703731459.26,832766821.19,Positive
2025-03-08,31-90 Days,9131669197.06,6112423217.54,3019245979.52,Positive
2025-03-08,91-180 Days,7392321805.97,4965180166.57,2427141639.41,Positive
2025-03-08,180-365 Days,17419826036.83,11689202262.46,5730623774.37,Positive
2025-03-08,1+ Years,8864049466.53,5961836968.1,2902212498.43,Positive
2025-03-09,0-30 Days,2540878882.17,1722928511.99,817950370.18,Positive
2025-03-09,31-90 Days,9140147781.04,6149578803.46,2990568977.58,Positive
2025-03-09,91-180 Days,7405039681.95,5020913545.44,2384126136.5,Positive
2025-03-09,180-365 Days,17445968337.43,11803765319.04,5642203018.4,Positive
2025-03-09,1+ Years,8882101784.92,6040947403.11,2841154381.81,Positive
2025-03-10,0-30 Days,2551447122.48,1714414235.35,837032887.14,Positive
2025-03-10,31-90 Days,9160602439.71,6133099558.35,3027502881.36,Positive
2025-03-10,91-180 Days,7435721669.95,4996194677.78,2439526992.17,Positive
2025-03-10,180-365 Days,17509036868.32,11752954313.28,5756082555.04,Positive
2025-03-10,1+ Years,8925653162.33,6005860343.73,2919792818.6,Positive
2025-03-11,0-30 Days,2532487948.78,1741876460.37,790611488.42,Positive
2025-03-11,31-90 Days,9123907264.8,6186252251.93,2937655012.87,Positive
2025-03-11,91-180 Days,7380678907.59,5075923718.16,2304755189.44,Positive
2025-03-11,180-365 Days,17395893412.37,11916841785.16,5479051627.21,Positive
2025-03-11,1+ Years,8847523019.1,6119031287.16,2728491731.95,Positive
2025-03-12,0-30 Days,2560047890.42,1710594721.59,849453168.83,Positive
2025-03-12,31-90 Days,9177249087.32,6125706951.07,3051542136.26,Positive
2025-03-12,91-180 Days,7460691641.37,4985105766.86,2475585874.51,Positive
2025-03-12,180-365 Days,17560364031.8,11730160440.83,5830203590.97,Positive
2025-03-12,1+ Years,8961096649.54,5990120250.73,2970976398.82,Positive
2025-03-13,0-30 Days,2561804007.25,1706484963.26,855319043.99,Positive
2025-03-13,31-90 Days,9180648023.12,6117752580.11,3062895443.01,Positive
2025-03-13,91-180 Days,7465790045.06,4973174210.42,2492615834.64,Positive
2025-03-13,180-365 Days,17570844083.83,11705634463.71,5865209620.13,Positive
2025-03-13,1+ Years,8968333550.34,5973184069.23,2995149481.11,Positive
2025-03-14,0-30 Days,2544002481.71,1711618702.05,832383779.65,Positive
2025-03-14,31-90 Days,9146193457.56,6127688848.74,3018504608.81,Positive
2025-03-14,91-180 Days,7414108196.72,4988078613.37,2426029583.35,Positive
2025-03-14,180-365 Days,17464609173.36,11736271292.0,5728337881.36,Positive
2025-03-14,1+ Years,8894974037.84,5994340041.2,2900633996.64,Positive
2025-03-15,0-30 Days,2578693003.17,1700875838.31,877817164.86,Positive
2025-03-15,31-90 Days,9213336402.33,6106896209.25,3106440193.08,Positive
2025-03-15,91-180 Days,7514822613.88,4956889654.13,2557932959.75,Positive
2025-03-15,180-365 Days,17671633253.07,11672160653.56,5999472599.52,Positive
2025-03-15,1+ Years,9037932557.75,5950069046.27,3087863511.48,Positive
2025-03-16,0-30 Days,2544377166.77,1733965283.41,810411883.36,Positive
2025-03-16,31-90 Days,9146918654.45,6170940296.54,2975978357.91,Positive
2025-03-16,91-180 Days,7415195992.06,5052955785.06,2362240207.0,Positive
2025-03-16,180-365 Days,17466845197.11,11869629922.69,5597215274.42,Positive
2025-03-16,1+ Years,8896518102.89,6086429582.12,2810088520.77,Positive
2025-03-17,0-30 Days,2541823280.8,1711302565.67,830520715.13,Positive
2025-03-17,31-90 Days,9141975649.35,6127076971.88,3014898677.48,Positive
2025-03-17,91-180 Days,7407781484.41,4987160798.07,2420620686.34,Positive
2025-03-17,180-365 Days,17451604264.73,11734384671.66,5717219593.07,Positive
2025-03-17,1+ Years,8885993621.2,5993037253.37,2892956367.83,Positive
2025-03-18,0-30 Days,2549754675.47,1725633476.28,824121199.19,Positive
2025-03-18,31-90 Days,9157326735.82,6154814218.22,3002512517.6,Positive
2025-03-18,91-180 Days,7430808114.11,5028766667.58,2402041446.52,Positive
2025-03-18,180-365 Days,17498936781.32,11819907847.88,5679028933.44,Positive
2025-03-18,1+ Years,8918678642.79,6052094473.7,2866584169.09,Positive
2025-03-19,0-30 Days,2542638004.47,1708271297.77,834366706.7,Positive
2025-03-19,31-90 Days,9143552533.88,6121210001.75,3022342532.13,Positive
2025-03-19,91-180 Days,7410146811.2,4978360342.88,2431786468.32,Positive
2025-03-19,180-365 Days,17456466325.35,11716294847.1,5740171478.25,Positive
2025-03-19,1+ Years,8889351071.17,5980545496.14,2908805575.03,Positive
2025-03-20,0-30 Days,2533512885.11,1714219832.24,819293052.87,Positive
2025-03-20,31-90 Days,9125891012.52,6132723294.26,2993167718.26,Positive
2025-03-20,91-180 Days,7383654529.17,4995630281.65,2388024247.52,Positive
2025-03-20,180-365 Days,17402009967.84,11751794165.68,5650215802.16,Positive
2025-03-20,1+ Years,8851746748.62,6005059214.78,2846687533.84,Positive
2025-03-21,0-30 Days,2565364545.71,1717093727.6,848270818.11,Positive
2025-03-21,31-90 Days,9187539387.89,6138285672.38,3049253715.5,Positive
2025-03-21,91-180 Days,7476127092.22,5003973848.83,2472153243.38,Positive
2025-03-21,180-365 Days,17592092458.54,11768944831.55,5823147626.99,Positive
2025-03-21,1+ Years,8983006414.5,6016902444.86,2966103969.63,Positive
2025-03-22,0-30 Days,2557070124.9,1723107614.46,833962510.44,Positive
2025-03-22,31-90 Days,9171485670.19,6149925453.41,3021560216.79,Positive
2025-03-22,91-180 Days,7452046515.67,5021433520.37,2430612995.31,Positive
2025-03-22,180-365 Days,17542593495.65,11804834156.37,5737759339.28,Positive
2025-03-22,1+ Years,8948825373.91,6041685478.63,2907139895.28,Positive
2025-03-23,0-30 Days,2565424331.96,1716633972.29,848790359.68,Positive
2025-03-23,31-90 Days,9187655103.22,6137395823.4,3050259279.82,Positive
2025-03-23,91-180 Days,7476300665.21,5002639075.35,2473661589.86,Positive
2025-03-23,180-365 Days,17592449247.48,11766201130.51,5826248116.97,Positive
2025-03-23,1+ Years,8983252791.72,6015007808.06,2968244983.66,Positive
2025-03-24,0-30 Days,2572876382.78,1727522108.56,845354274.22,Positive
2025-03-24,31-90 Days,9202078427.39,6158469635.53,3043608791.85,Positive
2025-03-24,91-180 Days,7497935651.46,5034249793.56,2463685857.91,Positive
2025-03-24,180-365 Days,17636921163.66,11831178717.93,5805742445.73,Positive
2025-03-24,1+ Years,9013962452.76,6059877466.4,2954084986.36,Positive
2025-03-25,0-30 Days,2555497091.11,1728420968.19,827076122.93,Positive
2025-03-25,31-90 Days,9168441088.67,6160209363.84,3008231724.82,Positive
2025-03-25,91-180 Days,7447479643.39,5036859386.02,2410620257.36,Positive
2025-03-25,180-365 Days,17533206035.95,11836542880.22,5696663155.73,Positive
2025-03-25,1+ Years,8942342952.41,6063581637.93,2878761314.48,Positive
2025-03-26,0-30 Days,2542979619.39,1721926892.24,821052727.15,Positive
2025-03-26,31-90 Days,9144213724.04,6147640184.59,2996573539.45,Positive
2025-03-26,91-180 Days,7411138596.44,5018005617.15,2393132979.3,Positive
2025-03-26,180-365 Days,17458504995.01,11797787910.87,5660717084.14,Positive
2025-03-26,1+ Years,8890758855.22,6036819760.45,2853939094.78,Positive
2025-03-27,0-30 Days,2563621950.26,1730417877.21,833204073.04,Positive
2025-03-27,31-90 Days,9184166622.49,6164074349.06,3020092273.43,Positive
2025-03-27,91-180 Days,7471067944.12,5042656863.84,2428411080.27,Positive
2025-03-27,180-365 Days,17581693098.57,11848459917.97,5733233180.6,Positive
2025-03-27,1+ Years,8975825234.84,6071810835.62,2904014399.22,Positive
2025-03-28,0-30 Days,2552187499.52,1707838063.37,844349436.16,Positive
2025-03-28,31-90 Days,9162035427.53,6120371483.55,3041663943.98,Positive
2025-03-28,91-180 Days,7437871151.68,4977102565.58,2460768586.1,Positive
2025-03-28,180-365 Days,17513455247.43,11713709415.98,5799745831.45,Positive
2025-03-28,1+ Years,8928704232.23,5978760151.14,2949944081.1,Positive
2025-03-29,0-30 Days,2557506245.51,1734110111.87,823396133.64,Positive
2025-03-29,31-90 Days,9172329774.59,6171220609.69,3001109164.91,Positive
2025-03-29,91-180 Days,7453312672.27,5053376254.78,2399936417.49,Positive
2025-03-29,180-365 Days,17545196150.88,11870494221.57,5674701929.31,Positive
2025-03-29,1+ Years,8950622612.86,6087026415.54,2863596197.32,Positive
2025-03-30,0-30 Days,2564213625.94,1709839030.46,854374595.49,Positive
2025-03-30,31-90 Days,9185311801.24,6124244323.07,3061067478.16,Positive
2025-03-30,91-180 Days,7472785712.24,4982911824.86,2489873887.37,Positive
2025-03-30,180-365 Days,17585224066.37,11725650671.18,5859573395.19,Positive
2025-03-30,1+ Years,8978263511.25,5987006071.96,2991257439.3,Positive
2025-03-31,0-30 Days,2544626433.53,1725099053.35,819527380.17,Positive
2025-03-31,31-90 Days,9147401106.24,6153779851.26,2993621254.98,Positive
2025-03-31,91-180 Days,7415919669.75,5027215117.15,2388704552.6,Positive
2025-03-31,180-365 Days,17468332756.81,11816718549.77,5651614207.04,Positive
2025-03-31,1+ Years,8897545323.16,6049892134.06,2847653189.1,Positive
2025-04-01,0-30 Days,2566347356.85,1725971920.74,840375436.11,Positive
2025-04-01,31-90 Days,9189441603.0,6155469272.01,3033972330.98,Positive
2025-04-01,91-180 Days,7478980414.88,5029749248.28,2449231166.6,Positive
2025-04-01,180-365 Days,17597957621.8,11821927597.08,5776030024.72,Positive
2025-04-01,1+ Years,8987056547.51,6053489192.41,2933567355.09,Positive
2025-04-02,0-30 Days,2547182311.09,1709355573.49,837826737.6,Positive
2025-04-02,31-90 Days,9152347966.04,6123308599.92,3029039366.12,Positive
2025-04-02,91-180 Days,7423339959.44,4981508240.13,2441831719.31,Positive
2025-04-02,180-365 Days,17483585574.5,11722765524.78,5760820049.72,Positive
2025-04-02,1+ Years,8908078012.14,5985013761.4,2923064250.74,Positive
2025-04-03,0-30 Days,2557546272.53,1737794911.67,819751360.86,Positive
2025-04-03,31-90 Days,9172407246.25,6178352480.27,2994054765.98,Positive
2025-04-03,91-180 Days,7453428879.76,5064074060.65,2389354819.1,Positive
2025-04-03,180-365 Days,17545435021.82,11892484155.86,5652950865.96,Positive
2025-04-03,1+ Years,8950787562.92,6102211356.65,2848576206.28,Positive
2025-04-04,0-30 Days,2539039818.79,1718912059.39,820127759.4,Positive
2025-04-04,31-90 Days,9136588303.53,6141805024.24,2994783279.29,Positive
2025-04-04,91-180 Days,7399700465.68,5009252876.62,2390447589.06,Positive
2025-04-04,180-365 Days,17434993281.77,11779796166.44,5655197115.33,Positive
2025-04-04,1+ Years,8874523064.05,6024395731.52,2850127332.53,Positive
2025-04-05,0-30 Days,2563335963.84,1710918281.54,852417682.29,Positive
2025-04-05,31-90 Days,9183613100.39,6126333196.15,3057279904.24,Positive
2025-04-05,91-180 Days,7470237660.96,4986045134.48,2484192526.49,Positive
2025-04-05,180-365 Days,17579986405.42,11732091363.16,5847895042.26,Positive
2025-04-05,1+ Years,8974646694.03,5991453630.88,2983193063.15,Positive
2025-04-06,0-30 Days,2566637471.5,1706629750.5,860007721.0,Positive
2025-04-06,31-90 Days,9190003115.22,6118032813.48,3071970301.73,Positive
2025-04-06,91-180 Days,7479822683.21,4973594560.48,2506228122.73,Positive
2025-04-06,180-365 Days,17599688951.14,11706498516.61,5893190434.53,Positive
2025-04-06,1+ Years,8988252100.6,5973780732.79,3014471367.82,Positive
2025-04-07,0-30 Days,2551847383.75,1705080794.63,846766589.12,Positive
2025-04-07,31-90 Days,9161377138.94,6115034834.38,3046342304.55,Positive
2025-04-07,91-180 Days,7436883718.79,4969097591.83,2467786126.96,Positive
2025-04-07,180-365 Days,17511425524.28,11697254747.72,5814170776.56,Positive
2025-04-07,1+ Years,8927302626.11,5967397535.62,2959905090.49,Positive
2025-04-08,0-30 Days,2552636676.8,1694540906.95,858095769.85,Positive
2025-04-08,31-90 Days,9162904802.89,6094635051.77,3068269751.12,Positive
2025-04-08,91-180 Days,7439175214.72,4938497917.91,2500677296.81,Positive
2025-04-08,180-365 Days,17516135821.47,11634355417.99,5881780403.48,Positive
2025-04-08,1+ Years,8930555277.28,5923962998.47,3006592278.8,Positive
2025-04-09,0-30 Days,2555643677.24,1702898203.91,852745473.32,Positive
2025-04-09,31-90 Days,9168724803.74,6110810465.25,3057914338.5,Positive
2025-04-09,91-180 Days,7447905216.0,4962761038.13,2485144177.87,Positive
2025-04-09,180-365 Days,17534080824.1,11684229609.55,5849851214.55,Positive
2025-04-09,1+ Years,8942947029.09,5958403149.67,2984543879.42,Positive
2025-04-10,0-30 Days,2561464996.97,1731310952.2,830154044.77,Positive
2025-04-10,31-90 Days,9179991874.2,6165802881.28,3014188992.91,Positive
2025-04-10,91-180 Days,7464805821.68,5045249662.18,2419556159.5,Positive
2025-04-10,180-365 Days,17568820957.99,11853789558.99,5715031399.0,Positive
2025-04-10,1+ Years,8966936499.93,6075491168.81,2891445331.12,Positive
2025-04-11,0-30 Days,2550473657.07,1723646815.23,826826841.84,Positive
2025-04-11,31-90 Days,9158718313.09,6150969067.8,3007749245.3,Positive
2025-04-11,91-180 Days,7432895480.02,5022998941.95,2409896538.07,Positive
2025-04-11,180-365 Days,17503227477.93,11808051967.41,5695175510.52,Positive
2025-04-11,1+ Years,8921641542.75,6043907507.6,2877734035.15,Positive
2025-04-12,0-30 Days,2550955212.19,1710562360.55,840392851.65,Positive
2025-04-12,31-90 Days,9159650355.28,6125644316.8,3034006038.48,Positive
2025-04-12,91-180 Days,7434293543.3,4985011815.45,2449281727.84,Positive
2025-04-12,180-365 Days,17506101274.66,11729967318.5,5776133956.16,Positive
2025-04-12,1+ Years,8923626015.9,5989986891.93,2933639123.97,Positive
2025-04-13,0-30 Days,2559315539.83,1725172761.79,834142778.04,Positive
2025-04-13,31-90 Days,9175831634.57,6153922512.75,3021909121.81,Positive
2025-04-13,91-180 Days,7458565462.23,5027429109.39,2431136352.85,Positive
2025-04-13,180-365 Days,17555993552.47,11817158422.69,5738835129.77,Positive
2025-04-13,1+ Years,8958078656.38,6050195884.15,2907882772.23,Positive
2025-04-14,0-30 Days,2566253554.93,1718469794.71,847783760.21,Positive
2025-04-14,31-90 Days,9189260050.89,6140949028.09,3048311022.8,Positive
2025-04-14,91-180 Days,7478708086.72,5007968882.39,2470739204.33,Positive
2025-04-14,180-365 Days,17597397836.13,11777156844.98,5820240991.15,Positive
2025-04-14,1+ Years,8986669992.8,6022573173.05,2964096819.75,Positive
2025-04-15,0-30 Days,2541571478.46,1719357845.48,822213632.98,Positive
2025-04-15,31-90 Days,9141488289.97,6142667836.02,2998820453.96,Positive
2025-04-15,91-180 Days,7407050445.35,5010547094.29,2396503351.06,Positive
2025-04-15,180-365 Days,17450101573.31,11782456502.76,5667645070.55,Positive
2025-04-15,1+ Years,8884955951.86,6026232801.61,2858723150.25,Positive
2025-04-16,0-30 Days,2532958114.97,1714825635.5,818132479.46,Positive
2025-04-16,31-90 Days,9124817263.87,6133895816.71,2990921447.15,Positive
2025-04-16,91-180 Days,7382043906.19,4997389065.33,2384654840.86,Positive
2025-04-16,180-365 Days,17398699242.81,11755409443.24,5643289799.58,Positive
2025-04-16,1+ Years,8849460558.77,6007555710.5,2841904848.27,Positive
2025-04-17,0-30 Days,2553865783.82,1738615962.76,815249821.06,Positive
2025-04-17,31-90 Days,9165283719.71,6179941611.4,2985342108.31,Positive
2025-04-17,91-180 Days,7442743589.95,5066457757.36,2376285832.6,Positive
2025-04-17,180-365 Days,17523470815.0,11897383976.85,5626086838.15,Positive
2025-04-17,1+ Years,8935620387.67,6105594881.69,2830025505.99,Positive
2025-04-18,0-30 Days,2561607720.67,1729899316.85,831708403.81,Positive
2025-04-18,31-90 Days,9180268113.61,6163070683.84,3017197429.76,Positive
2025-04-18,91-180 Days,7465220180.79,5041151366.02,2424068814.77,Positive
2025-04-18,180-365 Days,17569672696.18,11845365283.56,5724307412.62,Positive
2025-04-18,1+ Years,8967524659.68,6069673865.1,2897850794.57,Positive
2025-04-19,0-30 Days,2562637111.79,1720013469.61,842623642.18,Positive
2025-04-19,31-90 Days,9182260483.52,6143936785.96,3038323697.57,Positive
2025-04-19,91-180 Days,7468208735.66,5012450519.19,2455758216.48,Positive
2025-04-19,180-365 Days,17575815836.74,11786369098.4,5789446738.35,Positive
2025-04-19,1+ Years,8971766747.28,6028934607.51,2942832139.77,Positive
2025-04-20,0-30 Days,2564530017.0,1717151419.45,847378597.55,Positive
2025-04-20,31-90 Days,9185924171.02,6138397334.02,3047526837.0,Positive
2025-04-20,91-180 Days,7473704266.91,5004141341.29,2469562925.62,Positive
2025-04-20,180-365 Days,17587112206.54,11769289121.61,5817823084.93,Positive
2025-04-20,1+ Years,8979567348.59,6017140191.1,2962427157.48,Positive
2025-04-21,0-30 Days,2537424910.14,1708025072.73,829399837.42,Positive
2025-04-21,31-90 Days,9133462673.89,6120733437.15,3012729236.74,Positive
2025-04-21,91-180 Days,7395012021.21,4977645495.97,2417366525.24,Positive
2025-04-21,180-365 Days,17425355923.71,11714825439.57,5710530484.14,Positive
2025-04-21,1+ Years,8867868077.6,5979530810.67,2888337266.94,Positive
2025-04-22,0-30 Days,2556645622.2,1716920712.99,839724909.21,Positive
2025-04-22,31-90 Days,9170664052.06,6137950805.4,3032713246.66,Positive
2025-04-22,91-180 Days,7450814088.47,5003471548.36,2447342540.12,Positive
2025-04-22,180-365 Days,17540060173.08,11767912325.02,5772147848.05,Positive
2025-04-22,1+ Years,8947076011.97,6016189457.25,2930886554.72,Positive
2025-04-23,0-30 Days,2559869126.43,1728096861.86,831772264.57,Positive
2025-04-23,31-90 Days,9176903092.51,6159582061.27,3017321031.24,Positive
2025-04-23,91-180 Days,7460172649.15,5035918432.16,2424254216.99,Positive
2025-04-23,180-365 Days,17559297214.46,11834608697.29,5724688517.17,Positive
2025-04-23,1+ Years,8960359968.92,6062246006.2,2898113962.72,Positive
2025-04-24,0-30 Days,2565213049.05,1722619816.56,842593232.49,Positive
2025-04-24,31-90 Days,9187246168.54,6148981328.43,3038264840.11,Positive
2025-04-24,91-180 Days,7475687263.2,5020017332.9,2455669930.3,Positive
2025-04-24,180-365 Days,17591188365.56,11801923104.36,5789265261.2,Positive
2025-04-24,1+ Years,8982382101.64,6039675279.19,2942706822.45,Positive
2025-04-25,0-30 Days,2550036003.97,1721801048.75,828234955.22,Positive
2025-04-25,31-90 Days,9157871242.58,6147396616.54,3010474626.04,Positive
2025-04-25,91-180 Days,7431624874.25,5017640265.06,2413984609.19,Positive
2025-04-25,180-365 Days,17500615677.17,11797036909.36,5703578767.81,Positive
2025-04-25,1+ Years,8919837988.44,6036301163.46,2883536824.98,Positive
2025-04-26,0-30 Days,2546592966.71,1713374881.17,833218085.53,Positive
2025-04-26,31-90 Days,9151207299.49,6131087905.1,3020119394.39,Positive
2025-04-26,91-180 Days,7421628959.62,4993177197.91,2428451761.71,Positive
2025-04-26,180-365 Days,17480068519.32,11746751715.77,5733316803.54,Positive
2025-04-26,1+ Years,8905649342.95,6001577198.7,2904072144.25,Positive
2025-04-27,0-30 Days,2554729098.83,1725541475.5,829187623.32,Positive
2025-04-27,31-90 Days,9166954651.98,6154636152.19,3012318499.79,Positive
2025-04-27,91-180 Days,7445249988.36,5028499568.55,2416750419.81,Positive
2025-04-27,180-365 Days,17528622856.17,11819358810.97,5709264045.2,Positive
2025-04-27,1+ Years,8939178080.97,6051715341.46,2887462739.51,Positive
2025-04-28,0-30 Days,2545667945.58,1698386470.17,847281475.42,Positive
2025-04-28,31-90 Days,9149416936.03,6102078077.35,3047338858.68,Positive
2025-04-28,91-180 Days,7418943414.42,4949662456.28,2469280958.14,Positive
2025-04-28,180-365 Days,17474548231.97,11657304746.87,5817243485.1,Positive
2025-04-28,1+ Years,8901837360.74,5939810440.44,2962026920.3,Positive
2025-04-29,0-30 Days,2560965226.74,1716184487.68,844780739.06,Positive
2025-04-29,31-90 Days,9179024576.98,6136525853.18,3042498723.8,Positive
2025-04-29,91-180 Days,7463354875.86,5001334120.03,2462020755.83,Positive
2025-04-29,180-365 Days,17565838458.26,11763518722.35,5802319735.9,Positive
2025-04-29,1+ Years,8964876962.95,6013155496.48,2951721466.46,Positive
2025-04-30,0-30 Days,2565936294.94,1733418559.81,832517735.13,Positive
2025-04-30,31-90 Days,9188645999.29,6169882121.82,3018763877.47,Positive
2025-04-30,91-180 Days,7477787009.33,5051368522.99,2426418486.33,Positive
2025-04-30,180-365 Days,17595504510.38,11866367217.33,5729137293.05,Positive
2025-04-30,1+ Years,8985362574.62,6084176551.8,2901186022.82,Positive
2025-05-01,0-30 Days,2533694484.02,1734731846.61,798962637.41,Positive
2025-05-01,31-90 Days,9126242494.3,6172423967.24,2953818527.06,Positive
2025-05-01,91-180 Days,7384181751.83,5055181291.11,2329000460.71,Positive
2025-05-01,180-365 Days,17403093703.3,11874204574.02,5528889129.28,Positive
2025-05-01,1+ Years,8852495111.89,6089588564.32,2762906547.57,Positive
2025-05-02,0-30 Days,2541079102.59,1715110514.71,825968587.89,Positive
2025-05-02,31-90 Days,9140535304.44,6134447195.82,3006088108.62,Positive
2025-05-02,91-180 Days,7405620967.04,4998216133.99,2407404833.05,Positive
2025-05-02,180-365 Days,17447163201.24,11757109528.81,5690053672.42,Positive
2025-05-02,1+ Years,8882926886.82,6008729688.51,2874197198.3,Positive
2025-05-03,0-30 Days,2559487366.77,1714272356.85,845215009.92,Positive
2025-05-03,31-90 Days,9176164202.83,6132824954.8,3043339248.04,Positive
2025-05-03,91-180 Days,7459064314.63,4995782772.45,2463281542.18,Positive
2025-05-03,180-365 Days,17557018971.29,11752107618.99,5804911352.3,Positive
2025-05-03,1+ Years,8958786749.66,6005275667.0,2953511082.65,Positive
2025-05-04,0-30 Days,2545178939.61,1725362938.71,819816000.9,Positive
2025-05-04,31-90 Days,9148470472.85,6154290597.12,2994179875.73,Positive
2025-05-04,91-180 Days,7417523719.66,5027981235.93,2389542483.73,Positive
2025-05-04,180-365 Days,17471629970.5,11818293349.48,5653336621.03,Positive
2025-05-04,1+ Years,8899822182.89,6050979597.11,2848842585.79,Positive
2025-05-05,0-30 Days,2556652828.41,1732988812.02,823664016.39,Positive
2025-05-05,31-90 Days,9170677999.57,6169050351.91,3001627647.66,Positive
2025-05-05,91-180 Days,7450835009.74,5050120868.13,2400714141.61,Positive
2025-05-05,180-365 Days,17540103177.9,11863802593.44,5676300584.46,Positive
2025-05-05,1+ Years,8947105708.54,6082405575.03,2864700133.51,Positive
2025-05-06,0-30 Days,2555834477.33,1720902819.15,834931658.19,Positive
2025-05-06,31-90 Days,9169094094.25,6145658107.64,3023435986.62,Positive
2025-05-06,91-180 Days,7448459151.76,5015032501.71,2433426650.05,Positive
2025-05-06,180-365 Days,17535219469.84,11791676506.92,5743542962.92,Positive
2025-05-06,1+ Years,8943733310.14,6032599588.26,2911133721.88,Positive
2025-05-07,0-30 Days,2552232524.02,1705027779.53,847204744.49,Positive
2025-05-07,31-90 Days,9162122571.72,6114932224.51,3047190347.21,Positive
2025-05-07,91-180 Days,7438001867.96,4968943677.03,2469058190.94,Positive
2025-05-07,180-365 Days,17513723942.03,11696938367.29,5816785574.74,Positive
2025-05-07,1+ Years,8928889776.74,5967179062.11,2961710714.64,Positive
2025-05-08,0-30 Days,2559823184.12,1731924846.93,827898337.19,Positive
2025-05-08,31-90 Days,9176814171.9,6166991064.64,3009823107.26,Positive
2025-05-08,91-180 Days,7460039268.23,5047031937.21,2413007331.02,Positive
2025-05-08,180-365 Days,17559023042.58,11857453124.33,5701569918.25,Positive
2025-05-08,1+ Years,8960170642.12,6078021009.2,2882149632.92,Positive
2025-05-09,0-30 Days,2550294338.19,1731190176.66,819104161.53,Positive
2025-05-09,31-90 Days,9158371244.29,6165569122.17,2992802122.12,Positive
2025-05-09,91-180 Days,7432374876.83,5044899023.52,2387475853.31,Positive
2025-05-09,180-365 Days,17502157349.13,11853068801.74,5649088547.39,Positive
2025-05-09,1+ Years,8920902575.43,6074993456.71,2845909118.72,Positive
2025-05-10,0-30 Days,2559148073.65,1706290716.97,852857356.68,Positive
2025-05-10,31-90 Days,9175507506.48,6117376619.56,3058130886.92,Positive
2025-05-10,91-180 Days,7458079270.11,4972610269.6,2485469000.51,Positive
2025-05-10,180-365 Days,17554994157.54,11704475252.02,5850518905.52,Positive
2025-05-10,1+ Years,8957388533.67,5972383586.56,2985004947.11,Positive
2025-05-11,0-30 Days,2556468709.37,1711676386.68,844792322.7,Positive
2025-05-11,31-90 Days,9170321640.13,6127800496.4,3042521143.73,Positive
2025-05-11,91-180 Days,7450300470.59,4988246084.86,2462054385.73,Positive
2025-05-11,180-365 Days,17539004402.97,11736615538.94,5802388864.03,Positive
2025-05-11,1+ Years,8946346959.91,5994577757.67,2951769202.24,Positive
2025-05-12,0-30 Days,2570034675.51,1708653340.9,861381334.61,Positive
2025-05-12,31-90 Days,9196578348.78,6121949440.05,3074628908.73,Positive
2025-05-12,91-180 Days,7489685533.56,4979469500.34,2510216033.22,Positive
2025-05-12,180-365 Days,17619962587.97,11718574781.87,5901387806.1,Positive
2025-05-12,1+ Years,9002251868.74,5982119883.53,3020131985.21,Positive
2025-05-13,0-30 Days,2528041975.52,1729869478.4,798172497.12,Positive
2025-05-13,31-90 Days,9115302155.27,6163012932.0,2952289223.27,Positive
2025-05-13,91-180 Days,7367771243.29,5041064738.26,2326706505.03,Positive
2025-05-13,180-365 Days,17369360991.31,11845187215.38,5524173775.93,Positive
2025-05-13,1+ Years,8829201306.72,6069550901.8,2759650404.92,Positive
2025-05-14,0-30 Days,2545825866.28,1707324428.25,838501438.03,Positive
2025-05-14,31-90 Days,9149722588.99,6119377351.07,3030345237.92,Positive
2025-05-14,91-180 Days,7419401893.87,4975611366.86,2443790527.02,Positive
2025-05-14,180-365 Days,17475490661.95,11710644174.17,5764846487.79,Positive
2025-05-14,1+ Years,8902488146.85,5976643477.4,2925844669.46,Positive
2025-05-15,0-30 Days,2550235720.87,1717640537.68,832595183.19,Positive
2025-05-15,31-90 Days,9158257791.43,6139344014.48,3018913776.95,Positive
2025-05-15,91-180 Days,7432204697.53,5005561361.98,2426643335.55,Positive
2025-05-15,180-365 Days,17501807536.12,11772208053.02,5729599483.11,Positive
2025-05-15,1+ Years,8920661015.37,6019155831.58,2901505183.79,Positive
2025-05-16,0-30 Days,2548775839.82,1722877378.51,825898461.31,Positive
2025-05-16,31-90 Days,9155432215.2,6149479835.44,3005952379.76,Positive
2025-05-16,91-180 Days,7427966333.19,5020765093.42,2407201239.77,Positive
2025-05-16,180-365 Days,17493095342.77,11803460167.65,5689635175.12,Positive
2025-05-16,1+ Years,8914644892.66,6040736683.71,2873908208.95,Positive
2025-05-17,0-30 Days,2561173324.52,1727964798.71,833208525.8,Positive
2025-05-17,31-90 Days,9179427346.87,6159326455.19,3020100891.68,Positive
2025-05-17,91-180 Days,7463959030.69,5035535023.03,2428424007.65,Positive
2025-05-17,180-365 Days,17567080332.07,11833820578.53,5733259753.54,Positive
2025-05-17,1+ Years,8965734527.16,6061701778.25,2904032748.92,Positive
2025-05-18,0-30 Days,2547433516.05,1724580312.16,822853203.89,Positive
2025-05-18,31-90 Days,9152834169.19,6152775836.04,3000058333.15,Positive
2025-05-18,91-180 Days,7424069264.17,5025709094.32,2398360169.85,Positive
2025-05-18,180-365 Days,17485084700.89,11813622836.16,5671461864.73,Positive
2025-05-18,1+ Years,8909113219.69,6047754418.32,2861358801.37,Positive
2025-05-19,0-30 Days,2547561244.11,1716358007.48,831203236.63,Positive
2025-05-19,31-90 Days,9153081384.79,6136861697.95,3016219686.84,Positive
2025-05-19,91-180 Days,7424440087.57,5001837887.19,2422602200.38,Positive
2025-05-19,180-365 Days,17485846948.99,11764554243.73,5721292705.27,Positive
2025-05-19,1+ Years,8909639582.9,6013870565.97,2895769016.93,Positive
2025-05-20,0-30 Days,2547220533.04,1730472026.71,816748506.33,Positive
2025-05-20,31-90 Days,9152421944.01,6164179154.54,2988242789.47,Positive
2025-05-20,91-180 Days,7423450926.4,5042814072.07,2380636854.34,Positive
2025-05-20,180-365 Days,17483813673.26,11848783068.2,5635030605.06,Positive
2025-05-20,1+ Years,8908235523.58,6072033983.96,2836201539.62,Positive
2025-05-21,0-30 Days,2560955375.62,1719383704.65,841571670.97,Positive
2025-05-21,31-90 Days,9179005510.3,6142717886.04,3036287624.27,Positive
2025-05-21,91-180 Days,7463326275.84,5010622169.31,2452704106.53,Positive
2025-05-21,180-365 Days,17565779669.32,11782610823.65,5783168845.67,Positive
2025-05-21,1+ Years,8964836366.81,6026339366.43,2938497000.37,Positive
2025-05-22,0-30 Days,2554684201.61,1706606420.96,848077780.65,Positive
2025-05-22,31-90 Days,9166867754.14,6117987659.53,3048880094.61,Positive
2025-05-22,91-180 Days,7445119641.59,4973526829.54,2471592812.05,Positive
2025-05-22,180-365 Days,17528354921.16,11706359291.91,5821995629.25,Positive
2025-05-22,1+ Years,8938993060.98,5973684592.49,2965308468.49,Positive
2025-05-23,0-30 Days,2553070650.93,1727042104.91,826028546.02,Positive
2025-05-23,31-90 Days,9163744752.83,6157540596.2,3006204156.62,Positive
2025-05-23,91-180 Days,7440435139.62,5032856234.56,2407578905.06,Positive
2025-05-23,180-365 Days,17518725667.1,11828314179.99,5690411487.11,Positive
2025-05-23,1+ Years,8932343670.68,6057899386.83,2874444283.85,Positive
2025-05-24,0-30 Days,2555538188.89,1712178724.25,843359464.64,Positive
2025-05-24,31-90 Days,9168520632.74,6128772762.67,3039747870.07,Positive
2025-05-24,91-180 Days,7447598959.5,4989704484.27,2457894475.23,Positive
2025-05-24,180-365 Days,17533451296.84,11739613359.95,5793837936.89,Positive
2025-05-24,1+ Years,8942512315.0,5996647874.61,2945864440.39,Positive
2025-05-25,0-30 Days,2543629305.88,1721055372.43,822573933.45,Positive
2025-05-25,31-90 Days,9145471181.76,6145953372.06,2999517809.7,Positive
2025-05-25,91-180 Days,7413024783.02,5015475398.34,2397549384.68,Positive
2025-05-25,180-365 Days,17462382156.32,11792586905.54,5669795250.77,Positive
2025-05-25,1+ Years,8893436192.29,6033228255.42,2860207936.87,Positive
2025-05-26,0-30 Days,2577331419.96,1721192604.25,856138815.71,Positive
2025-05-26,31-90 Days,9210701079.98,6146218982.03,3064482097.96,Positive
2025-05-26,91-180 Days,7510869630.36,5015873813.29,2494995817.07,Positive
2025-05-26,180-365 Days,17663507675.84,11793405869.62,5870101806.23,Positive
2025-05-26,1+ Years,9032321517.26,6033793783.31,2998527733.94,Positive
2025-05-27,0-30 Days,2561624108.86,1721503531.24,840120577.62,Positive
2025-05-27,31-90 Days,9180299832.7,6146820776.2,3033479056.5,Positive
2025-05-27,91-180 Days,7465267759.43,5016776504.56,2448491254.87,Positive
2025-05-27,180-365 Days,17569770496.7,11795261401.65,5774509095.05,Positive
2025-05-27,1+ Years,8967592194.9,6035075103.41,2932517091.5,Positive
2025-05-28,0-30 Days,2544664284.5,1730387844.97,814276439.54,Positive
2025-05-28,31-90 Days,9147474366.2,6164016222.13,2983458144.07,Positive
2025-05-28,91-180 Days,7416029559.68,5042569673.45,2373459886.23,Positive
2025-05-28,180-365 Days,17468558641.67,11848280693.28,5620277948.39,Positive
2025-05-28,1+ Years,8897701305.82,6071687073.7,2826014232.12,Positive
2025-05-29,0-30 Days,2535814832.57,1727045030.89,808769801.68,Positive
2025-05-29,31-90 Days,9130346394.72,6157546259.4,2972800135.32,Positive
2025-05-29,91-180 Days,7390337602.47,5032864729.36,2357472873.11,Positive
2025-05-29,180-365 Days,17415747396.28,11828331641.52,5587415754.76,Positive
2025-05-29,1+ Years,8861232999.88,6057911444.72,2803321555.16,Positive
2025-05-30,0-30 Days,2557985787.61,1726682997.87,831302789.74,Positive
2025-05-30,31-90 Days,9173257920.59,6156845550.33,3016412370.26,Positive
2025-05-30,91-180 Days,7454704891.27,5031813665.75,2422891225.52,Positive
2025-05-30,180-365 Days,17548057934.39,11826171121.89,5721886812.49,Positive
2025-05-30,1+ Years,8952598790.38,6056419518.33,2896179272.06,Positive
2025-05-31,0-30 Days,2554523536.23,1727393895.14,827129641.1,Positive
2025-05-31,31-90 Days,9166556788.9,6158221480.52,3008335308.38,Positive
2025-05-31,91-180 Days,7444653193.73,5033877561.03,2410775632.7,Positive
2025-05-31,180-365 Days,17527396111.66,11830413573.3,5696982538.35,Positive
2025-05-31,1+ Years,8938330964.15,6059349103.02,2878981861.13,Positive
2025-06-01,0-30 Days,2545805705.03,1701332011.65,844473693.38,Positive
2025-06-01,31-90 Days,9149683567.21,6107779125.39,3041904441.82,Positive
2025-06-01,91-180 Days,7419343361.2,4958214028.34,2461129332.86,Positive
2025-06-01,180-365 Days,17475370344.79,11674882978.32,5800487366.47,Positive
2025-06-01,1+ Years,8902405062.98,5951948921.89,2950456141.08,Positive
2025-06-02,0-30 Days,2546660758.78,1716766589.19,829894169.59,Positive
2025-06-02,31-90 Days,9151338509.95,6137652501.26,3013686008.69,Positive
2025-06-02,91-180 Days,7421825775.31,5003024092.15,2418801683.16,Positive
2025-06-02,180-365 Days,17480473084.91,11766992553.93,5713480530.98,Positive
2025-06-02,1+ Years,8905928711.9,6015554318.02,2890374393.88,Positive
2025-06-03,0-30 Days,2540370743.18,1718696562.95,821674180.24,Positive
2025-06-03,31-90 Days,9139164286.22,6141387934.34,2997776351.88,Positive
2025-06-03,91-180 Days,7403564439.72,5008627241.77,2394937197.94,Positive
2025-06-03,180-365 Days,17442935895.07,11778510139.26,5664425755.81,Positive
2025-06-03,1+ Years,8880007760.53,6023507677.62,2856500082.91,Positive
2025-06-04,0-30 Days,2566817705.41,1726439230.19,840378475.22,Positive
2025-06-04,31-90 Days,9190351955.04,6156373741.91,3033978213.13,Positive
2025-06-04,91-180 Days,7480345942.94,5031105953.11,2449239989.83,Positive
2025-06-04,180-365 Days,17600764540.6,11824716379.25,5776048161.35,Positive
2025-06-04,1+ Years,8988994838.73,6055414959.56,2933579879.17,Positive
2025-06-05,0-30 Days,2564917541.73,1714984289.13,849933252.6,Positive
2025-06-05,31-90 Days,9186674218.9,6134202888.25,3052471330.65,Positive
2025-06-05,91-180 Days,7474829338.73,4997849672.63,2476979666.1,Positive
2025-06-05,180-365 Days,17589424854.16,11756356247.14,5833068607.02,Positive
2025-06-05,1+ Years,8981164325.52,6008209516.98,2972954808.55,Positive
2025-06-06,0-30 Days,2557913536.87,1708879782.05,849033754.82,Positive
2025-06-06,31-90 Days,9173118080.45,6122387713.25,3050730367.2,Positive
2025-06-06,91-180 Days,7454495131.07,4980126910.13,2474368220.93,Positive
2025-06-06,180-365 Days,17547626760.62,11719926124.22,5827700636.4,Positive
2025-06-06,1+ Years,8952301047.42,5983053040.21,2969248007.21,Positive
2025-06-07,0-30 Days,2552372038.88,1721965388.36,830406650.52,Positive
2025-06-07,31-90 Days,9162392600.48,6147714693.21,3014677907.27,Positive
2025-06-07,91-180 Days,7438406911.11,5018117380.07,2420289531.04,Positive
2025-06-07,180-365 Days,17514556530.71,11798017645.77,5716538884.94,Positive
2025-06-07,1+ Years,8929464712.98,6036978401.71,2892486311.28,Positive
2025-06-08,0-30 Days,2564341069.47,1705877482.56,858463586.91,Positive
2025-06-08,31-90 Days,9185558466.13,6116576811.01,3068981655.12,Positive
2025-06-08,91-180 Days,7473155709.58,4971410556.77,2501745152.81,Positive
2025-06-08,180-365 Days,17585984616.46,11702009175.64,5883975440.82,Positive
2025-06-08,1+ Years,8978788701.93,5970680660.85,3008108041.08,Positive
2025-06-09,0-30 Days,2558395549.84,1732147399.82,826248150.01,Positive
2025-06-09,31-90 Days,9174051008.77,6167421812.17,3006629196.6,Positive
2025-06-09,91-180 Days,7455894523.55,5047678058.51,2408216465.03,Positive
2025-06-09,180-365 Days,17550503289.61,11858781262.57,5691722027.04,Positive
2025-06-09,1+ Years,8954287407.3,6078938142.5,2875349264.81,Positive
2025-06-10,0-30 Days,2538649587.75,1706430641.23,832218946.52,Positive
2025-06-10,31-90 Days,9135833017.64,6117647440.7,3018185576.95,Positive
2025-06-10,91-180 Days,7398567536.85,4973016501.3,2425551035.55,Positive
2025-06-10,180-365 Days,17432664483.62,11705310283.85,5727354199.78,Positive
2025-06-10,1+ Years,8872914934.52,5972960209.89,2899954724.63,Positive
2025-06-11,0-30 Days,2555061520.73,1721356172.81,833705347.92,Positive
2025-06-11,31-90 Days,9167598049.21,6146535566.33,3021062482.88,Positive
2025-06-11,91-180 Days,7446215084.21,5016348689.76,2429866394.45,Positive
2025-06-11,180-365 Days,17530606664.3,11794382004.57,5736224659.73,Positive
2025-06-11,1+ Years,8940547980.91,6034467844.07,2906080136.84,Positive
2025-06-12,0-30 Days,2556859945.91,1728979000.26,827880945.65,Positive
2025-06-12,31-90 Days,9171078872.15,6161289425.92,3009789446.23,Positive
2025-06-12,91-180 Days,7451436318.6,5038479479.14,2412956839.47,Positive
2025-06-12,180-365 Days,17541339201.68,11839873071.63,5701466130.05,Positive
2025-06-12,1+ Years,8947959233.07,6065881270.11,2882077962.96,Positive
2025-06-13,0-30 Days,2556908052.17,1736721834.62,820186217.56,Positive
2025-06-13,31-90 Days,9171171981.04,6176275556.93,2994896424.11,Positive
2025-06-13,91-180 Days,7451575981.95,5060958675.66,2390617306.29,Positive
2025-06-13,180-365 Days,17541626287.43,11886080308.91,5655545978.52,Positive
2025-06-13,1+ Years,8948157477.42,6097789240.72,2850368236.7,Positive
2025-06-14,0-30 Days,2573398834.87,1719298144.25,854100690.62,Positive
2025-06-14,31-90 Days,9203089624.97,6142552285.25,3060537339.72,Positive
2025-06-14,91-180 Days,7499452447.85,5010373768.13,2489078679.71,Positive
2025-06-14,180-365 Days,17640039022.89,11782100221.22,5857938801.67,Positive
2025-06-14,1+ Years,9016115460.96,6025986774.76,2990128686.2,Positive
2025-06-15,0-30 Days,2536602156.7,1725062572.65,811539584.05,Positive
2025-06-15,31-90 Days,9131870247.87,6153709243.46,2978161004.42,Positive
2025-06-15,91-180 Days,7392623382.19,5027109205.44,2365514176.75,Positive
2025-06-15,180-365 Days,17420445943.5,11816500842.36,5603945101.13,Positive
2025-06-15,1+ Years,8864477537.22,6049741798.27,2814735738.94,Positive
2025-06-16,0-30 Days,2557467788.32,1708257113.34,849210674.97,Positive
2025-06-16,31-90 Days,9172255341.32,6121182548.02,3051072793.3,Positive
2025-06-16,91-180 Days,7453201022.36,4978319162.28,2474881860.08,Positive
2025-06-16,180-365 Days,17544966648.28,11716210198.09,5828756450.19,Positive
2025-06-16,1+ Years,8950464132.01,5980487042.57,2969977089.44,Positive
2025-06-17,0-30 Days,2564285338.88,1734414634.23,829870704.65,Positive
2025-06-17,31-90 Days,9185450600.47,6171810007.8,3013640592.68,Positive
2025-06-17,91-180 Days,7472993911.09,5054260351.95,2418733559.14,Positive
2025-06-17,180-365 Days,17585652030.68,11872311532.41,5713340498.27,Positive
2025-06-17,1+ Years,8978559037.96,6088281342.35,2890277695.61,Positive
2025-06-18,0-30 Days,2545518575.71,1716760279.2,828758296.51,Positive
2025-06-18,31-90 Days,9149127833.05,6137640288.39,3011487544.66,Positive
2025-06-18,91-180 Days,7418509759.96,5003005772.85,2415503987.11,Positive
2025-06-18,180-365 Days,17473656831.13,11766954897.58,5706701933.54,Positive
2025-06-18,1+ Years,8901221812.32,6015528314.79,2885693497.54,Positive
2025-06-19,0-30 Days,2549191341.59,1721684372.16,827506969.43,Positive
2025-06-19,31-90 Days,9156236412.17,6147170790.89,3009065621.29,Positive
2025-06-19,91-180 Days,7429172628.65,5017301526.59,2411871102.06,Positive
2025-06-19,180-365 Days,17495574950.09,11796340613.6,5699234336.49,Positive
2025-06-19,1+ Years,8916357162.04,6035820343.01,2880536819.03,Positive
2025-06-20,0-30 Days,2559141335.99,1722701126.83,836440209.17,Positive
2025-06-20,31-90 Days,9175494465.85,6149138703.14,3026355762.71,Positive
2025-06-20,91-180 Days,7458059709.17,5020253394.97,2437806314.19,Positive
2025-06-20,180-365 Days,17554953948.94,11802408343.06,5752545605.88,Positive
2025-06-20,1+ Years,8957360768.0,6040010356.19,2917350411.81,Positive
2025-06-21,0-30 Days,2571942622.5,1714155007.62,857787614.88,Positive
2025-06-21,31-90 Days,9200271149.42,6132597827.27,3067673322.16,Positive
2025-06-21,91-180 Days,7495224734.52,4995442081.15,2499782653.37,Positive
2025-06-21,180-365 Days,17631348723.28,11751407309.11,5879941414.18,Positive
2025-06-21,1+ Years,9010114456.77,6004792074.63,3005322382.14,Positive
2025-06-22,0-30 Days,2556155918.53,1702804757.27,853351161.27,Positive
2025-06-22,31-90 Days,9169716238.51,6110629600.78,3059086637.74,Positive
2025-06-22,91-180 Days,7449392368.15,4962489741.42,2486902626.74,Positive
2025-06-22,180-365 Days,17537137747.97,11683671944.1,5853465803.88,Positive
2025-06-22,1+ Years,8945057958.96,5958018059.07,2987039899.89,Positive
2025-06-23,0-30 Days,2548301793.5,1739881153.26,808420640.25,Positive
2025-06-23,31-90 Days,9154514706.2,6182390367.21,2972124338.99,Positive
2025-06-23,91-180 Days,7426590069.68,5070130891.07,2356459178.61,Positive
2025-06-23,180-365 Days,17490266356.66,11904934307.26,5585332049.4,Positive
2025-06-23,1+ Years,8912691363.07,6110808690.93,2801882672.14,Positive
2025-06-24,0-30 Days,2533435009.28,1712352454.21,821082555.07,Positive
2025-06-24,31-90 Days,9125740285.12,6129109014.22,2996631270.9,Positive
2025-06-24,91-180 Days,7383428438.06,4990208861.58,2393219576.48,Positive
2025-06-24,180-365 Days,17401545225.0,11740650135.54,5660895089.46,Positive
2025-06-24,1+ Years,8851425824.85,5997363810.19,2854062014.67,Positive
2025-06-25,0-30 Days,2558922908.37,1716846288.71,842076619.67,Positive
2025-06-25,31-90 Days,9175071702.72,6137806758.4,3037264944.32,Positive
2025-06-25,91-180 Days,7457425564.46,5003255477.86,2454170086.61,Positive
2025-06-25,180-365 Days,17553650429.28,11767468180.11,5786182249.17,Positive
2025-06-25,1+ Years,8956460634.83,6015882757.18,2940577877.65,Positive
2025-06-26,0-30 Days,2550604293.57,1732954376.97,817649916.6,Positive
2025-06-26,31-90 Days,9158971157.93,6168983703.42,2989987454.51,Positive
2025-06-26,91-180 Days,7433274747.28,5050020895.38,2383253851.9,Positive
2025-06-26,180-365 Days,17504007082.84,11863597093.91,5640409988.93,Positive
2025-06-26,1+ Years,8922179891.55,6082263669.28,2839916222.27,Positive
2025-06-27,0-30 Days,2561436022.67,1716721211.1,844714811.57,Positive
2025-06-27,31-90 Days,9179935794.91,6137564672.71,3042371122.2,Positive
2025-06-27,91-180 Days,7464721702.74,5002892349.32,2461829353.42,Positive
2025-06-27,180-365 Days,17568648046.85,11766721749.23,5801926297.62,Positive
2025-06-27,1+ Years,8966817097.77,6015367316.39,2951449781.38,Positive
2025-06-28,0-30 Days,2554274765.37,1717962217.48,836312547.88,Positive
2025-06-28,31-90 Days,9166075296.9,6139966620.55,3026108676.35,Positive
2025-06-28,91-180 Days,7443930955.73,5006495271.08,2437435684.66,Positive
2025-06-28,180-365 Days,17525911511.33,11774127755.06,5751783756.27,Positive
2025-06-28,1+ Years,8937305787.44,6020481463.66,2916824323.77,Positive
2025-06-29,0-30 Days,2552321461.07,1717681416.26,834640044.81,Positive
2025-06-29,31-90 Days,9162294707.94,6139423134.3,3022871573.64,Positive
2025-06-29,91-180 Days,7438260072.3,5005680041.71,2432580030.58,Positive
2025-06-29,180-365 Days,17514254695.37,11772452005.8,5741802689.57,Positive
2025-06-29,1+ Years,8929256283.45,6019324290.87,2909931992.58,Positive
2025-06-30,0-30 Days,2541211326.13,1735388122.93,805823203.21,Positive
2025-06-30,31-90 Days,9140791220.96,6173694179.47,2967097041.49,Positive
2025-06-30,91-180 Days,7406004841.83,5057086609.46,2348918232.37,Positive
2025-06-30,180-365 Days,17447952277.19,11878121061.74,5569831215.45,Positive
2025-06-30,1+ Years,8883471775.76,6092293057.87,2791178717.88,Positive
2025-07-01,0-30 Days,2546187855.89,1737695265.42,808492590.47,Positive
2025-07-01,31-90 Days,9150423214.05,6178159616.56,2972263597.49,Positive
2025-07-01,91-180 Days,7420452831.46,5063784765.09,2356668066.37,Positive
2025-07-01,180-365 Days,17477650922.54,11891889492.75,5585761429.79,Positive
2025-07-01,1+ Years,8903979894.37,6101800717.67,2802179176.7,Positive
2025-07-02,0-30 Days,2547605249.69,1714427779.02,833177470.66,Positive
2025-07-02,31-90 Days,9153166556.87,6133125771.91,3020040784.96,Positive
2025-07-02,91-180 Days,7424567845.69,4996233998.13,2428333847.56,Positive
2025-07-02,180-365 Days,17486109562.91,11753035138.44,5733074424.47,Positive
2025-07-02,1+ Years,8909820928.46,6005916156.78,2903904771.68,Positive
2025-07-03,0-30 Days,2548549722.09,1716834949.41,831714772.68,Positive
2025-07-03,31-90 Days,9154994567.98,6137784811.37,3017209756.6,Positive
2025-07-03,91-180 Days,7427309862.35,5003222557.32,2424087305.03,Positive
2025-07-03,180-365 Days,17491745930.49,11767400510.1,5724345420.38,Positive
2025-07-03,1+ Years,8913713068.77,6015836028.3,2897877040.48,Positive
2025-07-04,0-30 Days,2551108571.44,1738949265.2,812159306.24,Positive
2025-07-04,31-90 Days,9159947179.62,6180586712.89,2979360466.73,Positive
2025-07-04,91-180 Days,7434738779.81,5067425409.59,2367313370.22,Positive
2025-07-04,180-365 Days,17507016483.05,11899373039.79,5607643443.26,Positive
2025-07-04,1+ Years,8924258004.39,6106968410.28,2817289594.11,Positive
2025-07-05,0-30 Days,2573629769.56,1727417507.57,846212261.99,Positive
2025-07-05,31-90 Days,9203536595.34,6158267182.0,3045269413.34,Positive
2025-07-05,91-180 Days,7500122903.4,5033946113.26,2466176790.14,Positive
2025-07-05,180-365 Days,17641417181.53,11830554486.21,5810862695.31,Positive
2025-07-05,1+ Years,9017067135.37,6059446409.1,2957620726.27,Positive
2025-07-06,0-30 Days,2554626135.78,1694298293.96,860327841.82,Positive
2025-07-06,31-90 Days,9166755368.67,6094165478.24,3072589890.43,Positive
2025-07-06,91-180 Days,7444951063.39,4937793557.62,2507157505.77,Positive
2025-07-06,180-365 Days,17528008399.29,11632907566.29,5895100833.0,Positive
2025-07-06,1+ Years,8938753773.58,5922963198.18,3015790575.41,Positive
2025-07-07,0-30 Days,2542951872.56,1733174113.98,809777758.57,Positive
2025-07-07,31-90 Days,9144160020.49,6169409000.86,2974751019.63,Positive
2025-07-07,91-180 Days,7411058041.12,5050658841.55,2360399199.57,Positive
2025-07-07,180-365 Days,17458339409.07,11864908427.7,5593430981.37,Positive
2025-07-07,1+ Years,8890644511.42,6083169198.42,2807475313.0,Positive
2025-07-08,0-30 Days,2558760707.05,1722679127.77,836081579.28,Positive
2025-07-08,31-90 Days,9174757764.68,6149096124.32,3025661640.35,Positive
2025-07-08,91-180 Days,7456954657.4,5020189526.74,2436765130.66,Positive
2025-07-08,180-365 Days,17552682453.64,11802277058.37,5750405395.27,Positive
2025-07-08,1+ Years,8955792208.41,6039919698.78,2915872509.62,Positive
2025-07-09,0-30 Days,2569873996.44,1718499067.26,851374929.18,Positive
2025-07-09,31-90 Days,9196267357.05,6141005684.63,3055261672.42,Positive
2025-07-09,91-180 Days,7489219045.95,5008053867.2,2481165178.75,Positive
2025-07-09,180-365 Days,17619003696.78,11777331535.98,5841672160.8,Positive
2025-07-09,1+ Years,9001589715.5,6022693804.27,2978895911.23,Positive
2025-07-10,0-30 Days,2549651402.7,1708868367.91,840783034.78,Positive
2025-07-10,31-90 Days,9157126853.02,6122365621.38,3034761231.65,Positive
2025-07-10,91-180 Days,7430508289.92,4980093772.32,2450414517.6,Positive
2025-07-10,180-365 Days,17498320476.05,11719858007.62,5778462468.43,Positive
2025-07-10,1+ Years,8918253059.02,5983006002.93,2935247056.09,Positive
2025-07-11,0-30 Days,2572302582.23,1698780992.02,873521590.22,Positive
2025-07-11,31-90 Days,9200967845.67,6102841668.03,3098126177.65,Positive
2025-07-11,91-180 Days,7496269778.9,4950807842.3,2545461936.6,Positive
2025-07-11,180-365 Days,17633496870.05,11659659151.46,5973837718.59,Positive
2025-07-11,1+ Years,9011597839.2,5941436252.26,3070161586.94,Positive
2025-07-12,0-30 Days,2554041303.32,1721915955.25,832125348.08,Positive
2025-07-12,31-90 Days,9165623434.88,6147619016.22,3018004418.66,Positive
2025-07-12,91-180 Days,7443253162.71,5017973864.58,2425279298.12,Positive
2025-07-12,180-365 Days,17524518270.11,11797722641.71,5726795628.4,Positive
2025-07-12,1+ Years,8936343697.89,6036774689.45,2899569008.45,Positive
2025-07-13,0-30 Days,2558516876.36,1729878790.36,828638086.0,Positive
2025-07-13,31-90 Days,9174285834.31,6163030955.15,3011254879.16,Positive
2025-07-13,91-180 Days,7456246761.85,5041091772.98,2415154988.87,Positive
2025-07-13,180-365 Days,17551227335.01,11845242786.74,5705984548.27,Positive
2025-07-13,1+ Years,8954787390.0,6069589276.08,2885198113.92,Positive
2025-07-14,0-30 Days,2552925777.78,1727350671.14,825575106.64,Positive
2025-07-14,31-90 Days,9163464353.18,6158137821.17,3005326532.01,Positive
2025-07-14,91-180 Days,7440014540.15,5033752072.01,2406262468.14,Positive
2025-07-14,180-365 Days,17517861101.53,11830155623.64,5687705477.88,Positive
2025-07-14,1+ Years,8931746653.1,6059170978.32,2872575674.78,Positive
2025-07-15,0-30 Days,2544328095.57,1704340362.32,839987733.24,Positive
2025-07-15,31-90 Days,9146823677.93,6113601739.59,3033221938.34,Positive
2025-07-15,91-180 Days,7415053527.28,4966947949.64,2448105577.64,Positive
2025-07-15,180-365 Days,17466552352.84,11692836038.77,5773716314.07,Positive
2025-07-15,1+ Years,8896315882.05,5964346237.95,2931969644.09,Positive
2025-07-16,0-30 Days,2544742310.31,1719660321.94,825081988.37,Positive
2025-07-16,31-90 Days,9147625383.89,6143253274.33,3004372109.56,Positive
2025-07-16,91-180 Days,7416256086.22,5011425251.75,2404830834.47,Positive
2025-07-16,180-365 Days,17469024279.55,11784261604.22,5684762675.33,Positive
2025-07-16,1+ Years,8898022847.65,6027479297.34,2870543550.31,Positive
2025-07-17,0-30 Days,2551516466.71,1717605153.29,833911313.41,Positive
2025-07-17,31-90 Days,9160736654.33,6139275528.56,3021461125.77,Positive
2025-07-17,91-180 Days,7435922991.88,5005458633.1,2430464358.78,Positive
2025-07-17,180-365 Days,17509450696.75,11771996888.11,5737453808.64,Positive
2025-07-17,1+ Years,8925938927.64,6019010013.65,2906928913.99,Positive
2025-07-18,0-30 Days,2531413248.69,1736116008.83,795297239.86,Positive
2025-07-18,31-90 Days,9121827200.1,6175102990.9,2946724209.2,Positive
2025-07-18,91-180 Days,7377558810.54,5059199826.6,2318358983.93,Positive
2025-07-18,180-365 Days,17389479879.54,11882464896.98,5507014982.56,Positive
2025-07-18,1+ Years,8843094214.67,6095292652.2,2747801562.47,Positive
2025-07-19,0-30 Days,2561902605.06,1722128768.58,839773836.49,Positive
2025-07-19,31-90 Days,9180838857.6,6148030912.98,3032807944.62,Positive
2025-07-19,91-180 Days,7466076296.78,5018591709.73,2447484587.05,Positive
2025-07-19,180-365 Days,17571432490.15,11798992656.73,5772439833.42,Positive
2025-07-19,1+ Years,8968739868.75,6037651686.3,2931088182.45,Positive
2025-07-20,0-30 Days,2539724606.19,1736990850.22,802733755.98,Positive
2025-07-20,31-90 Days,9137913698.5,6176796232.29,2961117466.21,Positive
2025-07-20,91-180 Days,7401688558.13,5061739688.69,2339948869.44,Positive
2025-07-20,180-365 Days,17439079916.27,11887685724.6,5551394191.67,Positive
2025-07-20,1+ Years,8877345050.84,6098897845.33,2778447205.51,Positive
2025-07-21,0-30 Days,2540884860.44,1704255697.45,836629162.99,Positive
2025-07-21,31-90 Days,9140159351.89,6113437872.09,3026721479.79,Positive
2025-07-21,91-180 Days,7405057038.22,4966702148.4,2438354889.82,Positive
2025-07-21,180-365 Days,17446004014.21,11692330780.66,5753673233.55,Positive
2025-07-21,1+ Years,8882126421.18,5963997336.75,2918129084.43,Positive
2025-07-22,0-30 Days,2549483668.27,1730608218.94,818875449.33,Positive
2025-07-22,31-90 Days,9156802205.74,6164442752.4,2992359453.34,Positive
2025-07-22,91-180 Days,7430021318.99,5043209468.86,2386811850.14,Positive
2025-07-22,180-365 Days,17497319480.26,11849595828.27,5647723651.98,Positive
2025-07-22,1+ Years,8917561830.84,6072595227.73,2844966603.11,Positive
2025-07-23,0-30 Days,2542552078.73,1711627195.52,830924883.21,Positive
2025-07-23,31-90 Days,9143386225.99,6127705287.71,3015680938.28,Positive
2025-07-23,91-180 Days,7409897349.37,4988103271.82,2421794077.54,Positive
2025-07-23,180-365 Days,17455953542.68,11736321978.82,5719631563.87,Positive
2025-07-23,1+ Years,8888996973.95,5994375042.5,2894621931.45,Positive
2025-07-24,0-30 Days,2537966016.88,1722178344.64,815787672.24,Positive
2025-07-24,31-90 Days,9134509977.25,6148126866.66,2986383110.59,Positive
2025-07-24,91-180 Days,7396582976.25,5018735640.24,2377847336.01,Positive
2025-07-24,180-365 Days,17428585109.07,11799288513.89,5629296595.17,Positive
2025-07-24,1+ Years,8870097961.01,6037855987.67,2832241973.34,Positive
2025-07-25,0-30 Days,2529989379.43,1730085123.62,799904255.81,Positive
2025-07-25,31-90 Days,9119071324.11,6163430309.84,2955641014.27,Positive
2025-07-25,91-180 Days,7373424996.55,5041690805.02,2331734191.53,Positive
2025-07-25,180-365 Days,17380982595.23,11846474130.38,5534508464.85,Positive
2025-07-25,1+ Years,8837226495.37,6070439568.78,2766786926.59,Positive
2025-07-26,0-30 Days,2536333563.67,1722040336.99,814293226.68,Positive
2025-07-26,31-90 Days,9131350390.39,6147859755.08,2983490635.31,Positive
2025-07-26,91-180 Days,7391843595.97,5018334972.87,2373508623.1,Positive
2025-07-26,180-365 Days,17418843049.59,11798464919.86,5620378129.73,Positive
2025-07-26,1+ Years,8863370673.99,6037287262.6,2826083411.39,Positive
2025-07-27,0-30 Days,2564313345.47,1717873457.0,846439888.46,Positive
2025-07-27,31-90 Days,9185504806.77,6139794826.06,3045709980.7,Positive
2025-07-27,91-180 Days,7473075220.54,5006237579.35,2466837641.18,Positive
2025-07-27,180-365 Days,17585819166.76,11773598055.4,5812221111.36,Positive
2025-07-27,1+ Years,8978674452.2,6020115684.58,2958558767.62,Positive
2025-07-28,0-30 Days,2551887242.0,1726318795.2,825568446.81,Positive
2025-07-28,31-90 Days,9161454283.94,6156140641.92,3005313642.01,Positive
2025-07-28,91-180 Days,7436999436.29,5030756303.14,2406243133.15,Positive
2025-07-28,180-365 Days,17511663388.03,11823997654.3,5687665733.73,Positive
2025-07-28,1+ Years,8927466880.67,6054918650.84,2872548229.83,Positive
2025-07-29,0-30 Days,2550517343.33,1707708106.36,842809236.97,Positive
2025-07-29,31-90 Days,9158802867.15,6120119953.86,3038682913.29,Positive
2025-07-29,91-180 Days,7433022311.11,4976725271.05,2456297040.06,Positive
2025-07-29,180-365 Days,17503488186.27,11712933866.11,5790554320.16,Positive
2025-07-29,1+ Years,8921821572.43,5978224602.51,2943596969.92,Positive
2025-07-30,0-30 Days,2538749629.4,1715330032.86,823419596.54,Positive
2025-07-30,31-90 Days,9136026646.64,6134872069.66,3001154576.98,Positive
2025-07-30,91-180 Days,7398857980.34,4998853444.74,2400004535.6,Positive
2025-07-30,180-365 Days,17433261506.36,11758419556.49,5674841949.88,Positive
2025-07-30,1+ Years,8873327202.93,6009634315.73,2863692887.2,Positive
2025-07-31,0-30 Days,2552810753.98,1729029825.34,823780928.64,Positive
2025-07-31,31-90 Days,9163241726.47,6161387797.04,3001853929.43,Positive
2025-07-31,91-180 Days,7439680600.09,5038627035.82,2401053564.27,Positive
2025-07-31,180-365 Days,17517174669.18,11840176382.59,5676998286.6,Positive
2025-07-31,1+ Years,8931272643.74,6066090718.62,2865181925.12,Positive
2025-08-01,0-30 Days,2571775140.83,1727779890.21,843995250.63,Positive
2025-08-01,31-90 Days,9199946991.35,6158968567.75,3040978423.6,Positive
2025-08-01,91-180 Days,7494738497.41,5034998191.89,2459740305.53,Positive
2025-08-01,180-365 Days,17630349235.9,11832717092.28,5797632143.62,Positive
2025-08-01,1+ Years,9009424270.21,6060939776.25,2948484493.96,Positive
2025-08-02,0-30 Days,2546555823.07,1705354548.08,841201275.0,Positive
2025-08-02,31-90 Days,9151135408.59,6115564679.76,3035570728.83,Positive
2025-08-02,91-180 Days,7421521123.26,4969892359.89,2451628763.37,Positive
2025-08-02,180-365 Days,17479846855.7,11698888437.62,5780958418.07,Positive
2025-08-02,1+ Years,8905496275.24,5968525664.73,2936970610.51,Positive
2025-08-03,0-30 Days,2552281486.76,1732034007.16,820247479.6,Positive
2025-08-03,31-90 Days,9162217338.31,6167202342.5,2995014995.81,Positive
2025-08-03,91-180 Days,7438144017.84,5047348854.0,2390795163.84,Positive
2025-08-03,180-365 Days,17514016139.0,11858104564.41,5655911574.59,Positive
2025-08-03,1+ Years,8929091550.6,6078470854.98,2850620695.61,Positive
2025-08-04,0-30 Days,2547516631.05,1725101520.35,822415110.7,Positive
2025-08-04,31-90 Days,9152995036.93,6153784626.09,2999210410.83,Positive
2025-08-04,91-180 Days,7424310565.77,5027222279.39,2397088286.38,Positive
2025-08-04,180-365 Days,17485580709.75,11816733272.16,5668847437.59,Positive
2025-08-04,1+ Years,8909455733.91,6049902300.47,2859553433.44,Positive
2025-08-05,0-30 Days,2561279386.32,1719722288.7,841557097.62,Positive
2025-08-05,31-90 Days,9179632627.78,6143373209.99,3036259417.79,Positive
2025-08-05,91-180 Days,7464266952.06,5011605155.25,2452661796.81,Positive
2025-08-05,180-365 Days,17567713281.55,11784631405.85,5783081875.7,Positive
2025-08-05,1+ Years,8966171604.44,6027734660.36,2938436944.08,Positive
2025-08-06,0-30 Days,2575656292.36,1718534582.31,857121710.06,Positive
2025-08-06,31-90 Days,9207458897.54,6141074423.43,3066384474.11,Positive
2025-08-06,91-180 Days,7506006356.69,5008156975.4,2497849381.29,Positive
2025-08-06,180-365 Days,17653510946.64,11777543480.61,5875967466.02,Positive
2025-08-06,1+ Years,9025418370.47,6022840160.63,3002578209.83,Positive
2025-08-07,0-30 Days,2556816838.83,1715368328.02,841448510.81,Positive
2025-08-07,31-90 Days,9170995439.09,6134946189.32,3036049249.76,Positive
2025-08-07,91-180 Days,7451311169.01,4998964624.24,2452346544.78,Positive
2025-08-07,180-365 Days,17541081949.74,11758648092.11,5782433857.63,Positive
2025-08-07,1+ Years,8947781590.18,6009792128.84,2937989461.33,Positive
2025-08-08,0-30 Days,2550746775.7,1724084307.89,826662467.82,Positive
2025-08-08,31-90 Days,9159246929.81,6151815827.78,3007431102.04,Positive
2025-08-08,91-180 Days,7433688405.1,5024269081.92,2409419323.18,Positive
2025-08-08,180-365 Days,17504857379.47,11810662810.68,5694194568.8,Positive
2025-08-08,1+ Years,8922767055.84,6045710400.72,2877056655.12,Positive
2025-08-09,0-30 Days,2555683781.88,1707797903.98,847885877.89,Positive
2025-08-09,31-90 Days,9168802425.63,6120293755.71,3048508669.92,Positive
2025-08-09,91-180 Days,7448021648.82,4976985973.82,2471035675.0,Positive
2025-08-09,180-365 Days,17534320158.24,11713469755.14,5820850403.09,Positive
2025-08-09,1+ Years,8943112299.02,5978594655.61,2964517643.4,Positive
2025-08-10,0-30 Days,2550136632.06,1718981716.4,831154915.66,Positive
2025-08-10,31-90 Days,9158066006.63,6141939844.25,3016126162.38,Positive
2025-08-10,91-180 Days,7431917020.33,5009455106.64,2422461913.7,Positive
2025-08-10,180-365 Days,17501216199.68,11780211861.49,5721004338.19,Positive
2025-08-10,1+ Years,8920252673.58,6024682785.81,2895569887.77,Positive
2025-08-11,0-30 Days,2546748199.53,1715086164.07,831662035.46,Positive
2025-08-11,31-90 Days,9151507750.12,6134400065.55,3017107684.57,Positive
2025-08-11,91-180 Days,7422079635.56,4998145438.58,2423934196.98,Positive
2025-08-11,180-365 Days,17480994908.75,11756964210.48,5724030698.27,Positive
2025-08-11,1+ Years,8906289052.41,6008629340.31,2897659712.1,Positive
2025-08-12,0-30 Days,2540738503.91,1737160589.28,803577914.62,Positive
2025-08-12,31-90 Days,9139876081.17,6177124759.51,2962751321.66,Positive
2025-08-12,91-180 Days,7404632132.14,5062232479.53,2342399652.61,Positive
2025-08-12,180-365 Days,17445130596.16,11888698683.54,5556431912.62,Positive
2025-08-12,1+ Years,8881523290.61,6099597334.55,2781925956.07,Positive
2025-08-13,0-30 Days,2548130300.09,1721725087.77,826405212.32,Positive
2025-08-13,31-90 Days,9154182783.46,6147249595.29,3006933188.17,Positive
2025-08-13,91-180 Days,7426092185.57,5017419733.19,2408672452.39,Positive
2025-08-13,180-365 Days,17489242928.23,11796583593.84,5692659334.38,Positive
2025-08-13,1+ Years,8911984644.24,6035988130.71,2875996513.52,Positive
2025-08-14,0-30 Days,2559259860.59,1719169509.83,840090350.76,Positive
2025-08-14,31-90 Days,9175723868.29,6142303315.4,3033420552.89,Positive
2025-08-14,91-180 Days,7458403812.82,5010000313.36,2448403499.46,Positive
2025-08-14,180-365 Days,17555661273.13,11781332564.2,5774328708.93,Positive
2025-08-14,1+ Years,8957849204.03,6025456676.46,2932392527.57,Positive
2025-08-15,0-30 Days,2554552224.23,1726942068.12,827610156.11,Positive
2025-08-15,31-90 Days,9166612314.05,6157346976.61,3009265337.44,Positive
2025-08-15,91-180 Days,7444736481.47,5032565805.18,2412170676.29,Positive
2025-08-15,180-365 Days,17527567314.22,11827717186.26,5699850127.96,Positive
2025-08-15,1+ Years,8938449186.46,6057487138.45,2880962048.01,Positive
2025-08-16,0-30 Days,2557872477.61,1723525572.85,834346904.76,Positive
2025-08-16,31-90 Days,9173038610.92,6150734405.12,3022304205.8,Positive
2025-08-16,91-180 Days,7454375926.76,5022646947.94,2431728978.82,Positive
2025-08-16,180-365 Days,17547381729.55,11807328424.17,5740053305.39,Positive
2025-08-16,1+ Years,8952131843.53,6043407871.65,2908723971.88,Positive
2025-08-17,0-30 Days,2542668678.21,1739972662.95,802696015.26,Positive
2025-08-17,31-90 Days,9143611902.41,6182567482.74,2961044419.67,Positive
2025-08-17,91-180 Days,7410235864.0,5070396564.37,2339839299.63,Positive
2025-08-17,180-365 Days,17456649378.32,11905480413.5,5551168964.82,Positive
2025-08-17,1+ Years,8889477476.67,6111185799.42,2778291677.25,Positive
2025-08-18,0-30 Days,2548226408.32,1718319241.64,829907166.68,Positive
2025-08-18,31-90 Days,9154368799.4,6140657635.04,3013711164.35,Positive
2025-08-18,91-180 Days,7426371209.48,5007531792.82,2418839416.65,Positive
2025-08-18,180-365 Days,17489816477.36,11776258383.09,5713558094.27,Positive
2025-08-18,1+ Years,8912380703.17,6021952748.7,2890427954.47,Positive
2025-08-19,0-30 Days,2552360486.09,1715915567.44,836444918.64,Positive
2025-08-19,31-90 Days,9162370240.23,6136005362.4,3026364877.83,Positive
2025-08-19,91-180 Days,7438373370.72,5000553383.85,2437819986.87,Positive
2025-08-19,180-365 Days,17514487586.59,11761913875.77,5752573710.82,Positive
2025-08-19,1+ Years,8929417104.27,6012047284.86,2917369819.41,Positive
2025-08-20,0-30 Days,2572214993.89,1731848042.31,840366951.58,Positive
2025-08-20,31-90 Days,9200798319.85,6166842410.53,3033955909.32,Positive
2025-08-20,91-180 Days,7496015490.15,5046808956.05,2449206534.1,Positive
2025-08-20,180-365 Days,17632974165.42,11856994774.17,5775979391.24,Positive
2025-08-20,1+ Years,9011236890.46,6077704499.84,2933532390.63,Positive
2025-08-21,0-30 Days,2551897795.53,1700153523.74,851744271.79,Positive
2025-08-21,31-90 Days,9161474710.12,6105498181.04,3055976529.08,Positive
2025-08-21,91-180 Days,7437030075.56,4954792611.82,2482237463.74,Positive
2025-08-21,180-365 Days,17511726368.75,11667850066.58,5843876302.17,Positive
2025-08-21,1+ Years,8927510371.41,5947092411.21,2980417960.2,Positive
2025-08-22,0-30 Days,2563425979.94,1719482891.8,843943088.14,Positive
2025-08-22,31-90 Days,9183787325.11,6142909861.17,3040877463.94,Positive
2025-08-22,91-180 Days,7470498998.05,5010910132.01,2459588866.04,Positive
2025-08-22,180-365 Days,17580523598.31,11783202746.97,5797320851.34,Positive
2025-08-22,1+ Years,8975017647.5,6026748113.48,2948269534.02,Positive
2025-08-23,0-30 Days,2559537891.37,1708575093.15,850962798.22,Positive
2025-08-23,31-90 Days,9176261992.4,6121797992.8,3054463999.59,Positive
2025-08-23,91-180 Days,7459210998.98,4979242329.46,2479968669.51,Positive
2025-08-23,180-365 Days,17557320489.11,11718107819.52,5839212669.59,Positive
2025-08-23,1+ Years,8958994959.93,5981797427.09,2977197532.84,Positive
2025-08-24,0-30 Days,2569052047.11,1736735099.88,832316947.23,Positive
2025-08-24,31-90 Days,9194676487.37,6176301231.64,3018375255.73,Positive
2025-08-24,91-180 Days,7486832741.44,5060997187.71,2425835553.73,Positive
2025-08-24,180-365 Days,17614098515.29,11886159472.59,5727939042.7,Positive
2025-08-24,1+ Years,8998202488.82,6097843906.44,2900358582.37,Positive
2025-08-25,0-30 Days,2553908595.66,1699906733.19,854001862.48,Positive
2025-08-25,31-90 Days,9165366581.34,6105020521.91,3060346059.44,Positive
2025-08-25,91-180 Days,7442867882.4,4954076123.12,2488791759.28,Positive
2025-08-25,180-365 Days,17523726305.03,11666377284.26,5857349020.78,Positive
2025-08-25,1+ Years,8935796813.9,5946075395.31,2989721418.59,Positive
2025-08-26,0-30 Days,2565378537.21,1708071285.54,857307251.68,Positive
2025-08-26,31-90 Days,9187566468.21,6120822881.29,3066743586.92,Positive
2025-08-26,91-180 Days,7476167712.7,4977779662.2,2498388050.51,Positive
2025-08-26,180-365 Days,17592175956.21,11715101225.69,5877074730.52,Positive
2025-08-26,1+ Years,8983064073.03,5979721252.17,3003342820.86,Positive
2025-08-27,0-30 Days,2536939639.67,1706376880.67,830562759.01,Positive
2025-08-27,31-90 Days,9132523440.72,6117543388.0,3014980052.72,Positive
2025-08-27,91-180 Days,7393603171.46,4972860422.25,2420742749.21,Positive
2025-08-27,180-365 Days,17422459954.76,11704989454.69,5717470500.07,Positive
2025-08-27,1+ Years,8865868293.64,5972738664.35,2893129629.29,Positive
2025-08-28,0-30 Days,2563850273.2,1733892290.87,829957982.33,Positive
2025-08-28,31-90 Days,9184608537.86,6170799020.64,3013809517.21,Positive
2025-08-28,91-180 Days,7471730817.17,5052743871.22,2418986945.95,Positive
2025-08-28,180-365 Days,17583055670.95,11869194322.02,5713861348.93,Positive
2025-08-28,1+ Years,8976766146.31,6086128782.2,2890637364.11,Positive
2025-08-29,0-30 Days,2561715682.43,1715168015.48,846547666.95,Positive
2025-08-29,31-90 Days,9180477071.87,6134558487.64,3045918584.23,Positive
2025-08-29,91-180 Days,7465533618.18,4998383071.71,2467150546.47,Positive
2025-08-29,180-365 Days,17570316984.15,11757452678.58,5812864305.56,Positive
2025-08-29,1+ Years,8967969566.64,6008966647.34,2959002919.3,Positive
2025-08-30,0-30 Days,2548754095.57,1721781833.77,826972261.8,Positive
2025-08-30,31-90 Days,9155390129.54,6147359426.26,3008030703.28,Positive
2025-08-30,91-180 Days,7427903204.7,5017584479.64,2410318725.05,Positive
2025-08-30,180-365 Days,17492965578.65,11796922239.34,5696043339.31,Positive
2025-08-30,1+ Years,8914555285.27,6036221979.16,2878333306.12,Positive
2025-08-31,0-30 Days,2561085449.99,1720705307.63,840380142.36,Positive
2025-08-31,31-90 Days,9179257267.13,6145275827.28,3033981439.86,Positive
2025-08-31,91-180 Days,7463703911.08,5014459081.17,2449244829.91,Positive
2025-08-31,180-365 Days,17566555919.55,11790497809.14,5776058110.41,Positive
2025-08-31,1+ Years,8965372399.06,6031785649.66,2933586749.4,Positive
2025-09-01,0-30 Days,2552618652.68,1712948980.15,839669672.53,Positive
2025-09-01,31-90 Days,9162869917.5,6130263580.55,3032606336.96,Positive
2025-09-01,91-180 Days,7439122886.64,4991940711.07,2447182175.56,Positive
2025-09-01,180-365 Days,17516028258.18,11744210048.39,5771818209.8,Positive
2025-09-01,1+ Years,8930481000.47,5999822074.33,2930658926.14,Positive
2025-09-02,0-30 Days,2539837328.49,1717079390.85,822757937.65,Positive
2025-09-02,31-90 Days,9138131870.69,6138257923.83,2999873946.86,Positive
2025-09-02,91-180 Days,7402015816.43,5003932226.0,2398083590.42,Positive
2025-09-02,180-365 Days,17439752613.86,11768859273.52,5670893340.34,Positive
2025-09-02,1+ Years,8877809575.81,6016843363.57,2860966212.23,Positive
2025-09-03,0-30 Days,2540549125.04,1722939732.46,817609392.58,Positive
2025-09-03,31-90 Days,9139509541.43,6149600520.51,2989909020.92,Positive
2025-09-03,91-180 Days,7404082322.53,5020946121.02,2383136201.51,Positive
2025-09-03,180-365 Days,17444000431.97,11803832279.94,5640168152.03,Positive
2025-09-03,1+ Years,8880742866.42,6040993642.33,2839749224.09,Positive
2025-09-04,0-30 Days,2571006943.43,1714599958.31,856406985.12,Positive
2025-09-04,31-90 Days,9198460157.67,6133459022.14,3065001135.53,Positive
2025-09-04,91-180 Days,7492508246.89,4996733873.46,2495774373.42,Positive
2025-09-04,180-365 Days,17625764832.04,11754062659.97,5871702172.07,Positive
2025-09-04,1+ Years,9006258553.49,6006625702.05,2999632851.44,Positive
2025-09-05,0-30 Days,2549205198.91,1718632057.42,830573141.49,Positive
2025-09-05,31-90 Days,9156263232.79,6141263084.93,3015000147.85,Positive
2025-09-05,91-180 Days,7429212859.56,5008439967.66,2420772891.9,Positive
2025-09-05,180-365 Days,17495657646.98,11778125186.92,5717532460.06,Positive
2025-09-05,1+ Years,8916414267.59,6023241852.42,2893172415.17,Positive
2025-09-06,0-30 Days,2552140770.08,1719540884.81,832599885.27,Positive
2025-09-06,31-90 Days,9161944983.44,6143022105.69,3018922877.74,Positive
2025-09-06,91-180 Days,7437735485.54,5011078498.79,2426656986.74,Positive
2025-09-06,180-365 Days,17513176378.15,11783548834.25,5729627543.9,Positive
2025-09-06,1+ Years,8928511661.69,6026987100.78,2901524560.9,Positive
2025-09-07,0-30 Days,2548743068.15,1715627233.44,833115834.7,Positive
2025-09-07,31-90 Days,9155368786.15,6135447296.6,3019921489.55,Positive
2025-09-07,91-180 Days,7427871189.61,4999716285.15,2428154904.46,Positive
2025-09-07,180-365 Days,17492899769.85,11760193172.88,5732706596.98,Positive
2025-09-07,1+ Years,8914509841.63,6010859069.75,2903650771.88,Positive
2025-09-08,0-30 Days,2548047539.19,1716215146.22,831832392.98,Positive
2025-09-08,31-90 Days,9154022601.08,6136585192.29,3017437408.79,Positive
2025-09-08,91-180 Days,7425851912.01,5001423128.69,2424428783.31,Positive
2025-09-08,180-365 Days,17488749032.56,11763701684.6,5725047347.96,Positive
2025-09-08,1+ Years,8911643589.26,6013281839.33,2898361749.92,Positive
2025-09-09,0-30 Days,2563253619.34,1718544339.33,844709280.01,Positive
2025-09-09,31-90 Days,9183453723.94,6141093307.99,3042360415.95,Positive
2025-09-09,91-180 Days,7469998596.29,5008185302.24,2461813294.05,Positive
2025-09-09,180-365 Days,17579494994.69,11777601708.0,5801893286.69,Positive
2025-09-09,1+ Years,8974307355.0,6022880369.01,2951426986.0,Positive
2025-09-10,0-30 Days,2553788503.94,1730655026.24,823133477.7,Positive
2025-09-10,31-90 Days,9165134145.75,6164533347.17,3000600798.58,Positive
2025-09-10,91-180 Days,7442519229.01,5043345361.01,2399173868.0,Positive
2025-09-10,180-365 Days,17523009628.61,11849875162.14,5673134466.47,Positive
2025-09-10,1+ Years,8935301919.78,6072788119.1,2862513800.68,Positive
2025-09-11,0-30 Days,2548521297.9,1727846322.93,820674974.97,Positive
2025-09-11,31-90 Days,9154939553.42,6159097147.22,2995842406.2,Positive
2025-09-11,91-180 Days,7427227340.51,5035191061.09,2392036279.43,Positive
2025-09-11,180-365 Days,17491576302.27,11833113545.63,5658462756.63,Positive
2025-09-11,1+ Years,8913595933.61,6061213543.37,2852382390.24,Positive
2025-09-12,0-30 Days,2548213180.15,1722037760.66,826175419.48,Positive
2025-09-12,31-90 Days,9154343196.47,6147854768.64,3006488427.83,Positive
2025-09-12,91-180 Days,7426332805.09,5018327493.21,2408005311.88,Positive
2025-09-12,180-365 Days,17489737535.02,11798449545.01,5691287990.01,Positive
2025-09-12,1+ Years,8912326190.28,6037276645.64,2875049544.64,Positive
2025-09-13,0-30 Days,2533179926.3,1718903339.66,814276586.64,Positive
2025-09-13,31-90 Days,9125246576.13,6141788147.35,2983458428.78,Positive
2025-09-13,91-180 Days,7382687874.58,5009227561.28,2373460313.3,Positive
2025-09-13,180-365 Days,17400022955.62,11779744129.36,5620278826.26,Positive
2025-09-13,1+ Years,8850374636.13,6024359797.81,2826014838.32,Positive
2025-09-14,0-30 Days,2569339510.01,1703050999.03,866288510.98,Positive
2025-09-14,31-90 Days,9195232867.18,6111106197.74,3084126669.44,Positive
2025-09-14,91-180 Days,7487667311.16,4963204636.87,2524462674.29,Positive
2025-09-14,180-365 Days,17615814019.71,11685141451.41,5930672568.3,Positive
2025-09-14,1+ Years,8999387114.17,5959032813.44,3040354300.73,Positive
2025-09-15,0-30 Days,2561376112.46,1717243367.56,844132744.89,Positive
2025-09-15,31-90 Days,9179819839.65,6138575298.12,3041244541.54,Positive
2025-09-15,91-180 Days,7464547769.86,5004408287.43,2460139482.43,Positive
2025-09-15,180-365 Days,17568290518.15,11769837844.23,5798452673.92,Positive
2025-09-15,1+ Years,8966570209.72,6017519106.32,2949051103.39,Positive
2025-09-16,0-30 Days,2558286376.91,1719008040.31,839278336.6,Positive
2025-09-16,31-90 Days,9173839706.34,6141990793.76,3031848912.58,Positive
2025-09-16,91-180 Days,7455577569.89,5009531530.89,2446046039.0,Positive
2025-09-16,180-365 Days,17549851773.76,11780368955.79,5769482817.97,Positive
2025-09-16,1+ Years,8953837509.19,6024791265.79,2929046243.41,Positive
2025-09-17,0-30 Days,2566091784.21,1727315265.53,838776518.68,Positive
2025-09-17,31-90 Days,9188946946.28,6158069294.19,3030877652.09,Positive
2025-09-17,91-180 Days,7478238429.8,5033649281.55,2444589148.26,Positive
2025-09-17,180-365 Days,17596432430.25,11829944332.13,5766488098.12,Positive
2025-09-17,1+ Years,8986003340.91,6059025072.97,2926978267.94,Positive
2025-09-18,0-30 Days,2556265962.33,1703454389.67,852811572.66,Positive
2025-09-18,31-90 Days,9169929226.5,6111886953.8,3058042272.7,Positive
2025-09-18,91-180 Days,7449711850.14,4964375770.96,2485336079.17,Positive
2025-09-18,180-365 Days,17537794460.93,11687548782.6,5850245678.33,Positive
2025-09-18,1+ Years,8945511445.88,5960695173.22,2984816272.66,Positive
2025-09-19,0-30 Days,2561895836.02,1712603493.82,849292342.2,Positive
2025-09-19,31-90 Days,9180825756.23,6129594897.33,3051230858.91,Positive
2025-09-19,91-180 Days,7466056644.73,4990937686.25,2475118958.49,Positive
2025-09-19,180-365 Days,17571392094.28,11742148275.13,5829243819.14,Positive
2025-09-19,1+ Years,8968711973.77,5998398336.31,2970313637.46,Positive
2025-09-20,0-30 Days,2552737195.81,1727422373.75,825314822.06,Positive
2025-09-20,31-90 Days,9163099355.83,6158276600.42,3004822755.41,Positive
2025-09-20,91-180 Days,7439467044.13,5033960240.88,2405506803.25,Positive
2025-09-20,180-365 Days,17516735693.03,11830583526.32,5686152166.71,Positive
2025-09-20,1+ Years,8930969512.91,6059466462.47,2871503050.44,Positive
2025-09-21,0-30 Days,2548866568.86,1705052164.94,843814403.92,Positive
2025-09-21,31-90 Days,9155607819.79,6114979422.07,3040628397.71,Positive
2025-09-21,91-180 Days,7428229740.06,4969014473.37,2459215266.69,Positive
2025-09-21,180-365 Days,17493636790.23,11697083893.1,5796552897.13,Positive
2025-09-21,1+ Years,8915018784.08,5967279553.58,2947739230.5,Positive
2025-09-22,0-30 Days,2559524459.74,1714747363.15,844777096.59,Positive
2025-09-22,31-90 Days,9176235995.68,6133744321.83,3042491673.85,Positive
2025-09-22,91-180 Days,7459172003.91,4997161823.0,2462010180.9,Positive
2025-09-22,180-365 Days,17557240332.57,11754942334.02,5802297998.55,Positive
2025-09-22,1+ Years,8958939608.59,6007233152.65,2951706455.94,Positive
2025-09-23,0-30 Days,2562379698.89,1709644967.69,852734731.21,Positive
2025-09-23,31-90 Days,9181762265.02,6123868717.71,3057893547.31,Positive
2025-09-23,91-180 Days,7467461407.91,4982348416.82,2485112991.09,Positive
2025-09-23,180-365 Days,17574279663.03,11724492554.65,5849787108.38,Positive
2025-09-23,1+ Years,8970705957.05,5986206345.54,2984499611.51,Positive
2025-09-24,0-30 Days,2565437964.96,1714518921.69,850919043.27,Positive
2025-09-24,31-90 Days,9187681489.67,6133302177.08,3054379312.58,Positive
2025-09-24,91-180 Days,7476340244.88,4996498605.88,2479841639.0,Positive
2025-09-24,180-365 Days,17592530605.7,11753579054.38,5838951551.31,Positive
2025-09-24,1+ Years,8983308972.87,6006291752.79,2977017220.08,Positive
2025-09-25,0-30 Days,2567102170.95,1715623463.65,851478707.29,Positive
2025-09-25,31-90 Days,9190902533.5,6135440000.23,3055462533.28,Positive
2025-09-25,91-180 Days,7481171810.64,4999705340.6,2481466470.04,Positive
2025-09-25,180-365 Days,17602462157.53,11760170675.74,5842291481.79,Positive
2025-09-25,1+ Years,8990167112.04,6010843534.56,2979323577.48,Positive
2025-09-26,0-30 Days,2541095758.64,1715780916.47,825314842.17,Positive
2025-09-26,31-90 Days,9140567541.94,6135744747.62,3004822794.32,Positive
2025-09-26,91-180 Days,7405669323.3,5000162461.69,2405506861.61,Positive
2025-09-26,180-365 Days,17447262600.21,11761110313.54,5686152286.67,Positive
2025-09-26,1+ Years,8882995525.84,6011492392.56,2871503133.28,Positive
2025-09-27,0-30 Days,2547801836.87,1710882279.14,836919557.74,Positive
2025-09-27,31-90 Days,9153547048.2,6126263514.07,3027283534.13,Positive
2025-09-27,91-180 Days,7425138582.69,4985940611.37,2439197971.33,Positive
2025-09-27,180-365 Days,17487282744.52,11731876510.1,5755406234.43,Positive
2025-09-27,1+ Years,8910631057.92,5991305266.13,2919325791.8,Positive
2025-09-28,0-30 Days,2560967844.53,1741950809.29,819017035.23,Positive
2025-09-28,31-90 Days,9179029643.66,6186396153.08,2992633490.57,Positive
2025-09-28,91-180 Days,7463362475.87,5076139569.88,2387222905.99,Positive
2025-09-28,180-365 Days,17565854080.5,11917285480.38,5648568600.12,Positive
2025-09-28,1+ Years,8964887750.74,6119337676.69,2845550074.05,Positive
2025-09-29,0-30 Days,2564156587.82,1712383934.71,851772653.11,Positive
2025-09-29,31-90 Days,9185201404.88,6129169944.21,3056031460.67,Positive
2025-09-29,91-180 Days,7472620117.71,4990300256.57,2482319861.14,Positive
2025-09-29,180-365 Days,17584883677.61,11740838003.02,5844045674.59,Positive
2025-09-29,1+ Years,8978028459.02,5997493540.29,2980534918.72,Positive
2025-09-30,0-30 Days,2550522109.38,1711259873.28,839262236.1,Positive
2025-09-30,31-90 Days,9158812091.76,6126994341.44,3031817750.33,Positive
2025-09-30,91-180 Days,7433036148.03,4987036852.41,2445999295.62,Positive
2025-09-30,180-365 Days,17503516628.83,11734129894.47,5769386734.36,Positive
2025-09-30,1+ Years,8921841213.17,5992861319.39,2928979893.78,Positive
2025-10-01,0-30 Days,2551852058.52,1722207222.91,829644835.61,Positive
2025-10-01,31-90 Days,9161386186.88,6148182760.09,3013203426.79,Positive
2025-10-01,91-180 Days,7436897290.7,5018819480.39,2418077810.31,Positive
2025-10-01,180-365 Days,17511453422.1,11799460851.98,5711992570.12,Positive
2025-10-01,1+ Years,8927321890.68,6037974994.11,2889346896.58,Positive
2025-10-02,0-30 Days,2565631901.09,1713474309.35,852157591.74,Positive
2025-10-02,31-90 Days,9188056849.91,6131280346.74,3056776503.17,Positive
2025-10-02,91-180 Days,7476903285.25,4993465860.37,2483437424.88,Positive
2025-10-02,180-365 Days,17593687966.44,11747345077.49,5846342888.95,Positive
2025-10-02,1+ Years,8984108177.38,6001986939.02,2982121238.37,Positive
2025-10-03,0-30 Days,2561032542.5,1712132915.57,848899626.93,Positive
2025-10-03,31-90 Days,9179154865.55,6128684100.72,3050470764.82,Positive
2025-10-03,91-180 Days,7463550308.7,4989571491.34,2473978817.36,Positive
2025-10-03,180-365 Days,17566240181.32,11739339985.6,5826900195.72,Positive
2025-10-03,1+ Years,8965154369.01,5996459098.54,2968695270.48,Positive
2025-10-04,0-30 Days,2559511485.04,1713688293.1,845823191.94,Positive
2025-10-04,31-90 Days,9176210883.36,6131694508.83,3044516374.54,Positive
2025-10-04,91-180 Days,7459134335.43,4994087103.5,2465047231.93,Positive
2025-10-04,180-365 Days,17557162902.93,11748622077.25,5808540825.67,Positive
2025-10-04,1+ Years,8958886140.28,6002868759.12,2956017381.16,Positive
2025-10-05,0-30 Days,2553000324.06,1726682149.98,826318174.08,Positive
2025-10-05,31-90 Days,9163608636.31,6156843909.24,3006764727.07,Positive
2025-10-05,91-180 Days,7440230964.85,5031811204.12,2408419760.73,Positive
2025-10-05,180-365 Days,17518305974.5,11826166061.87,5692139912.64,Positive
2025-10-05,1+ Years,8932053855.93,6056416024.18,2875637831.75,Positive
2025-10-06,0-30 Days,2538158717.34,1704611808.97,833546908.37,Positive
2025-10-06,31-90 Days,9134882945.88,6114127120.2,3020755825.68,Positive
2025-10-06,91-180 Days,7397142429.2,4967736020.55,2429406408.65,Positive
2025-10-06,180-365 Days,17429735095.68,11694455962.31,5735279133.37,Positive
2025-10-06,1+ Years,8870892073.39,5965464860.83,2905427212.55,Positive
2025-10-07,0-30 Days,2544159047.27,1720361877.81,823797169.46,Positive
2025-10-07,31-90 Days,9146496487.67,6144611124.4,3001885363.28,Positive
2025-10-07,91-180 Days,7414562741.89,5013462026.85,2401100715.04,Positive
2025-10-07,180-365 Days,17465543516.21,11788448308.59,5677095207.62,Positive
2025-10-07,1+ Years,8895619239.46,6030370386.44,2865248853.01,Positive
2025-10-08,0-30 Days,2555259801.17,1713104682.43,842155118.75,Positive
2025-10-08,31-90 Days,9167981817.82,6130564939.79,3037416878.03,Positive
2025-10-08,91-180 Days,7446790737.11,4992392749.94,2454397987.17,Positive
2025-10-08,180-365 Days,17531789950.83,11745139239.39,5786650711.44,Positive
2025-10-08,1+ Years,8941365088.22,6000463718.38,2940901369.84,Positive
2025-10-09,0-30 Days,2557423731.52,1710837955.73,846585775.78,Positive
2025-10-09,31-90 Days,9172170070.09,6126177726.83,3045992343.26,Positive
2025-10-09,91-180 Days,7453073115.52,4985811930.51,2467261185.02,Positive
2025-10-09,180-365 Days,17544703728.68,11731611999.44,5813091729.23,Positive
2025-10-09,1+ Years,8950282575.36,5991122610.8,2959159964.56,Positive
2025-10-10,0-30 Days,2560210995.28,1720843488.97,839367506.31,Positive
2025-10-10,31-90 Days,9177564774.14,6145543275.03,3032021499.11,Positive
2025-10-10,91-180 Days,7461165171.6,5014860252.8,2446304918.8,Positive
2025-10-10,180-365 Days,17561337399.49,11791322439.7,5770014959.79,Positive
2025-10-10,1+ Years,8961768799.4,6032355090.49,2929413708.91,Positive
2025-10-11,0-30 Days,2561052333.96,1698011052.51,863041281.45,Positive
2025-10-11,31-90 Days,9179193171.59,6101351462.53,3077841709.06,Positive
2025-10-11,91-180 Days,7463607767.77,4948572534.05,2515035233.72,Positive
2025-10-11,180-365 Days,17566358291.63,11655064351.17,5911293940.45,Positive
2025-10-11,1+ Years,8965235928.96,5938263356.39,3026972572.58,Positive
2025-10-12,0-30 Days,2564548715.21,1724728371.88,839820343.33,Positive
2025-10-12,31-90 Days,9185960361.11,6153062403.25,3032897957.86,Positive
2025-10-12,91-180 Days,7473758552.05,5026138945.13,2447619606.92,Positive
2025-10-12,180-365 Days,17587223792.65,11814506418.4,5772717374.25,Positive
2025-10-12,1+ Years,8979644403.32,6048364567.67,2931279835.65,Positive
2025-10-13,0-30 Days,2547744671.76,1716452539.56,831292132.2,Positive
2025-10-13,31-90 Days,9153436406.06,6137044663.28,3016391742.78,Positive
2025-10-13,91-180 Days,7424972619.47,5002112335.18,2422860284.29,Positive
2025-10-13,180-365 Days,17486941597.9,11765118386.82,5721823211.08,Positive
2025-10-13,1+ Years,8910395482.35,6014260129.65,2896135352.7,Positive
2025-10-14,0-30 Days,2571123518.58,1722242585.94,848880932.64,Positive
2025-10-14,31-90 Days,9198685786.99,6148251204.65,3050434582.33,Positive
2025-10-14,91-180 Days,7492846690.86,5018922147.23,2473924543.63,Positive
2025-10-14,180-365 Days,17626460522.43,11799671889.38,5826788633.05,Positive
2025-10-14,1+ Years,9006738955.91,6038120723.98,2968618231.93,Positive
2025-10-15,0-30 Days,2554712044.07,1702721403.36,851990640.71,Positive
2025-10-15,31-90 Days,9166921642.78,6110468270.64,3056453372.15,Positive
2025-10-15,91-180 Days,7445200474.56,4962247746.21,2482952728.35,Positive
2025-10-15,180-365 Days,17528521077.81,11683174509.5,5845346568.3,Positive
2025-10-15,1+ Years,8939107798.88,5957674560.31,2981433238.57,Positive
2025-10-16,0-30 Days,2552211528.59,1726246596.39,825964932.2,Positive
2025-10-16,31-90 Days,9162081935.39,6156000902.3,3006081033.09,Positive
2025-10-16,91-180 Days,7437940913.47,5030546693.71,2407394219.76,Positive
2025-10-16,180-365 Days,17513598646.69,11823566790.47,5690031856.21,Positive
2025-10-16,1+ Years,8928803255.23,6054621121.9,2874182133.33,Positive
2025-10-17,0-30 Days,2542105951.03,1712358738.94,829747212.1,Positive
2025-10-17,31-90 Days,9142522753.03,6129121178.2,3013401574.83,Positive
2025-10-17,91-180 Days,7408602139.93,4990227107.56,2418375032.37,Positive
2025-10-17,180-365 Days,17453291167.73,11740687641.16,5712603526.57,Positive
2025-10-17,1+ Years,8887158496.12,5997389709.34,2889768786.78,Positive
2025-10-18,0-30 Days,2560046768.3,1727278105.7,832768662.59,Positive
2025-10-18,31-90 Days,9177246915.47,6157997371.94,3019249543.53,Positive
2025-10-18,91-180 Days,7460688383.59,5033541398.16,2427146985.43,Positive
2025-10-18,180-365 Days,17560357335.26,11829722571.84,5730634763.42,Positive
2025-10-18,1+ Years,8961092025.31,6058871938.5,2902220086.82,Positive
2025-10-19,0-30 Days,2548828454.43,1725000333.41,823828121.02,Positive
2025-10-19,31-90 Days,9155534049.92,6153588780.4,3001945269.51,Positive
2025-10-19,91-180 Days,7428119085.26,5026928510.86,2401190574.4,Positive
2025-10-19,180-365 Days,17493409333.13,11816129414.61,5677279918.52,Positive
2025-10-19,1+ Years,8914861715.73,6049485312.35,2865376403.38,Positive
2025-10-20,0-30 Days,2564330820.21,1711717678.55,852613141.66,Positive
2025-10-20,31-90 Days,9185538628.85,6127880416.15,3057658212.69,Positive
2025-10-20,91-180 Days,7473125953.65,4988365964.48,2484759989.17,Positive
2025-10-20,180-365 Days,17585923451.5,11736861958.17,5849061493.33,Positive
2025-10-20,1+ Years,8978746465.04,5994747920.14,2983998544.9,Positive
2025-10-21,0-30 Days,2567360944.53,1708058998.87,859301945.65,Positive
2025-10-21,31-90 Days,9191403385.6,6120799100.66,3070604284.94,Positive
2025-10-21,91-180 Days,7481923088.78,4977743991.24,2504179097.54,Positive
2025-10-21,180-365 Days,17604006451.48,11715027902.06,5888978549.41,Positive
2025-10-21,1+ Years,8991233509.62,5979670619.23,3011562890.39,Positive
2025-10-22,0-30 Days,2568718414.06,1728947506.58,839770907.48,Positive
2025-10-22,31-90 Days,9194030745.99,6161228470.41,3032802275.58,Positive
2025-10-22,91-180 Days,7485864129.36,5038388045.87,2447476083.49,Positive
2025-10-22,180-365 Days,17612107479.35,11839685125.47,5772422353.88,Positive
2025-10-22,1+ Years,8996827597.78,6065751485.66,2931076112.12,Positive
2025-10-23,0-30 Days,2542735211.93,1702188667.28,840546544.66,Positive
2025-10-23,31-90 Days,9143740677.35,6109437168.53,3034303508.82,Positive
2025-10-23,91-180 Days,7410429026.4,4960701093.05,2449727933.35,Positive
2025-10-23,180-365 Days,17457046434.37,11679995278.0,5777051156.37,Positive
2025-10-23,1+ Years,8889751659.97,5955479172.08,2934272487.89,Positive
2025-10-24,0-30 Days,2553865854.44,1721719819.68,832146034.76,Positive
2025-10-24,31-90 Days,9165283856.4,6147239398.99,3018044457.41,Positive
2025-10-24,91-180 Days,7442743794.98,5017404438.74,2425339356.24,Positive
2025-10-24,180-365 Days,17523471236.46,11796552155.26,5726919081.2,Positive
2025-10-24,1+ Years,8935620678.71,6035966421.1,2899654257.61,Positive
2025-10-25,0-30 Days,2549272616.49,1715754318.13,833518298.36,Positive
2025-10-25,31-90 Days,9156393718.42,6135693266.95,3020700451.47,Positive
2025-10-25,91-180 Days,7429408588.02,5000085240.68,2429323347.34,Positive
2025-10-25,180-365 Days,17496059977.7,11760951581.47,5735108396.23,Positive
2025-10-25,1+ Years,8916692093.26,6011382781.63,2905309311.64,Positive
2025-10-26,0-30 Days,2554126200.99,1711168463.39,842957737.6,Positive
2025-10-26,31-90 Days,9165787752.94,6126817419.07,3038970333.86,Positive
2025-10-26,91-180 Days,7443499639.79,4986771468.87,2456728170.92,Positive
2025-10-26,180-365 Days,17525024917.44,11733584383.85,5791440533.59,Positive
2025-10-26,1+ Years,8936693558.41,5992484622.19,2944208936.22,Positive
2025-10-27,0-30 Days,2553802942.58,1720602696.95,833200245.63,Positive
2025-10-27,31-90 Days,9165162091.51,6145077225.97,3020084865.54,Positive
2025-10-27,91-180 Days,7442561147.65,5014161179.2,2428399968.44,Positive
2025-10-27,180-365 Days,17523095794.7,11789885455.1,5733210339.61,Positive
2025-10-27,1+ Years,8935361420.96,6031362794.37,2903998626.59,Positive
2025-10-28,0-30 Days,2566166495.34,1716779225.85,849387269.48,Positive
2025-10-28,31-90 Days,9189091548.45,6137676959.33,3051414589.12,Positive
2025-10-28,91-180 Days,7478455333.06,5003060779.25,2475394553.81,Positive
2025-10-28,180-365 Days,17596878286.95,11767067966.3,5829810320.65,Positive
2025-10-28,1+ Years,8986311223.03,6015606393.32,2970704829.72,Positive
2025-10-29,0-30 Days,2545310944.82,1719174689.98,826136254.84,Positive
2025-10-29,31-90 Days,9148725966.81,6142313341.5,3006412625.3,Positive
2025-10-29,91-180 Days,7417906960.59,5010015352.51,2407891608.08,Positive
2025-10-29,180-365 Days,17472417743.54,11781363478.0,5691054265.54,Positive
2025-10-29,1+ Years,8900366172.11,6025478023.7,2874888148.42,Positive
2025-10-30,0-30 Days,2580053298.03,1710016880.67,870036417.37,Positive
2025-10-30,31-90 Days,9215969231.09,6124588549.29,3091380681.81,Positive
2025-10-30,91-180 Days,7518771857.03,4983428164.19,2535343692.84,Positive
2025-10-30,180-365 Days,17679751141.76,11726712035.34,5953039106.42,Positive
2025-10-30,1+ Years,9043538288.99,5987738986.94,3055799302.05,Positive
2025-10-31,0-30 Days,2567108389.09,1724069059.53,843039329.56,Positive
2025-10-31,31-90 Days,9190914568.63,6151786314.83,3039128253.8,Positive
2025-10-31,91-180 Days,7481189863.33,5024224812.5,2456965050.83,Positive
2025-10-31,180-365 Days,17602499265.83,11810571812.43,5791927453.4,Positive
2025-10-31,1+ Years,8990192736.83,6045647562.74,2944545174.09,Positive
2025-11-01,0-30 Days,2560421609.22,1716932247.83,843489361.4,Positive
2025-11-01,31-90 Days,9177972414.04,6137973130.89,3039999283.16,Positive
2025-11-01,91-180 Days,7461776631.45,5003505036.59,2458271594.86,Positive
2025-11-01,180-365 Days,17562594289.19,11767981161.94,5794613127.25,Positive
2025-11-01,1+ Years,8962636732.69,6016236991.93,2946399740.76,Positive
2025-11-02,0-30 Days,2546732897.58,1725463583.02,821269314.56,Positive
2025-11-02,31-90 Days,9151478133.43,6154485392.55,2996992740.89,Positive
2025-11-02,91-180 Days,7422035210.53,5028273429.08,2393761781.46,Positive
2025-11-02,180-365 Days,17480903590.64,11818893968.72,5662009621.92,Positive
2025-11-02,1+ Years,8906225993.55,6051394349.05,2854831644.51,Positive
2025-11-03,0-30 Days,2554884038.37,1733220970.75,821663067.62,Positive
2025-11-03,31-90 Days,9167254534.97,6169499691.39,2997754843.58,Positive
2025-11-03,91-180 Days,7445699812.84,5050794877.34,2394904935.5,Positive
2025-11-03,180-365 Days,17529547495.39,11865188056.82,5664359438.56,Positive
2025-11-03,1+ Years,8939816581.83,6083362293.67,2856454288.17,Positive
2025-11-04,0-30 Days,2560521647.58,1713880494.54,846641153.04,Positive
2025-11-04,31-90 Days,9178166036.67,6132066511.63,3046099525.04,Positive
2025-11-04,91-180 Days,7462067065.38,4994645107.7,2467421957.68,Positive
2025-11-04,180-365 Days,17563191292.28,11749769085.9,5813422206.38,Positive
2025-11-04,1+ Years,8963048987.52,6003660815.09,2959388172.43,Positive
2025-11-05,0-30 Days,2559360832.98,1712930292.37,846430540.61,Positive
2025-11-05,31-90 Days,9175919298.74,6130227410.65,3045691888.09,Positive
2025-11-05,91-180 Days,7458696958.49,4991886456.24,2466810502.26,Positive
2025-11-05,180-365 Days,17556263850.34,11744098524.55,5812165325.78,Positive
2025-11-05,1+ Years,8958265308.02,5999745062.6,2958520245.42,Positive
2025-11-06,0-30 Days,2537651139.87,1719809998.15,817841141.72,Positive
2025-11-06,31-90 Days,9133900537.87,6143542970.23,2990357567.64,Positive
2025-11-06,91-180 Days,7395668817.19,5011859795.6,2383809021.59,Positive
2025-11-06,180-365 Days,17426706004.33,11785154833.24,5641551171.09,Positive
2025-11-06,1+ Years,8868800363.01,6028096108.19,2840704254.82,Positive
2025-11-07,0-30 Days,2565104876.58,1727561611.66,837543264.93,Positive
2025-11-07,31-90 Days,9187036802.48,6158546093.14,3028490709.34,Positive
2025-11-07,91-180 Days,7475373214.1,5034364479.96,2441008734.14,Positive
2025-11-07,180-365 Days,17590542820.2,11831414462.22,5759128357.99,Positive
2025-11-07,1+ Years,8981936326.4,6060040257.39,2921896069.01,Positive
2025-11-08,0-30 Days,2546071663.0,1713207781.81,832863881.18,Positive
2025-11-08,31-90 Days,9150198324.57,6130764486.99,3019433837.58,Positive
2025-11-08,91-180 Days,7420115497.23,4992692070.73,2427423426.5,Positive
2025-11-08,180-365 Days,17476957513.3,11745754509.91,5731203003.4,Positive
2025-11-08,1+ Years,8903501067.18,6000888587.62,2902612479.56,Positive
2025-11-09,0-30 Days,2550907511.42,1723937226.03,826970285.39,Positive
2025-11-09,31-90 Days,9159558031.2,6151531153.22,3008026877.98,Positive
2025-11-09,91-180 Days,7434155057.18,5023842070.09,2410312987.1,Positive
2025-11-09,180-365 Days,17505816608.75,11809785064.13,5696031544.62,Positive
2025-11-09,1+ Years,8923429442.55,6045104281.15,2878325161.4,Positive
2025-11-10,0-30 Days,2548666444.23,1743059693.6,805606750.63,Positive
2025-11-10,31-90 Days,9155220481.79,6188542380.77,2966678101.02,Positive
2025-11-10,91-180 Days,7427648733.07,5079358911.41,2348289821.66,Positive
2025-11-10,180-365 Days,17492442498.08,11923903015.74,5568539482.34,Positive
2025-11-10,1+ Years,8914194076.94,6123907353.14,2790286723.8,Positive
2025-11-11,0-30 Days,2554940761.74,1693475852.98,861464908.76,Positive
2025-11-11,31-90 Days,9167364322.14,6092573656.98,3074790665.16,Positive
2025-11-11,91-180 Days,7445864493.59,4935405825.73,2510458667.86,Positive
2025-11-11,180-365 Days,17529886005.82,11627999450.73,5901886555.08,Positive
2025-11-11,1+ Years,8940050337.01,5919573945.41,3020476391.6,Positive
2025-11-12,0-30 Days,2548466768.67,1718675045.06,829791723.61,Positive
2025-11-12,31-90 Days,9154834012.97,6141346286.82,3013487726.15,Positive
2025-11-12,91-180 Days,7427069029.84,5008564770.49,2418504259.35,Positive
2025-11-12,180-365 Days,17491250885.88,11778381726.07,5712869159.81,Positive
2025-11-12,1+ Years,8913371220.4,6023419003.1,2889952217.3,Positive
2025-11-13,0-30 Days,2543545019.97,1712109141.24,831435878.73,Positive
2025-11-13,31-90 Days,9145308047.75,6128638085.89,3016669961.86,Positive
2025-11-13,91-180 Days,7412780082.01,4989502469.09,2423277612.92,Positive
2025-11-13,180-365 Days,17461879159.79,11739198106.52,5722681053.26,Positive
2025-11-13,1+ Years,8893088852.79,5996361125.28,2896727727.51,Positive
2025-11-14,0-30 Days,2550574520.0,1722196810.18,828377709.83,Positive
2025-11-14,31-90 Days,9158913531.68,6148162606.4,3010750925.28,Positive
2025-11-14,91-180 Days,7433188307.9,5018789249.86,2414399058.04,Positive
2025-11-14,180-365 Days,17503829401.9,11799398711.45,5704430690.45,Positive
2025-11-14,1+ Years,8922057195.65,6037932083.55,2884125112.11,Positive
2025-11-15,0-30 Days,2529909366.23,1733633697.79,796275668.44,Positive
2025-11-15,31-90 Days,9118916459.86,6170298517.92,2948617941.94,Positive
2025-11-15,91-180 Days,7373192700.17,5051993117.13,2321199583.04,Positive
2025-11-15,180-365 Days,17380505097.11,11867651105.28,5512853991.83,Positive
2025-11-15,1+ Years,8836896763.56,6085063128.48,2751833635.09,Positive
2025-11-16,0-30 Days,2558874965.05,1715133508.18,843741456.87,Positive
2025-11-16,31-90 Days,9174978909.19,6134491699.31,3040487209.88,Positive
2025-11-16,91-180 Days,7457286374.16,4998282889.22,2459003484.95,Positive
2025-11-16,180-365 Days,17553364315.88,11757246747.9,5796117567.98,Positive
2025-11-16,1+ Years,8956263061.93,6008824443.86,2947438618.07,Positive
2025-11-17,0-30 Days,2535904910.91,1728197565.02,807707345.89,Positive
2025-11-17,31-90 Days,9130520739.88,6159776970.61,2970743769.27,Positive
2025-11-17,91-180 Days,7390599120.2,5036210796.17,2354388324.03,Positive
2025-11-17,180-365 Days,17416284960.52,11835209667.75,5581075292.77,Positive
2025-11-17,1+ Years,8861604209.78,6062661000.67,2798943209.11,Positive
2025-11-18,0-30 Days,2548393543.87,1725744785.11,822648758.76,Positive
2025-11-18,31-90 Days,9154692287.55,6155029654.67,2999662632.88,Positive
2025-11-18,91-180 Days,7426856441.7,5029089822.25,2397766619.45,Positive
2025-11-18,180-365 Days,17490813899.16,11820572110.26,5670241788.9,Positive
2025-11-18,1+ Years,8913069463.36,6052553173.81,2860516289.55,Positive
2025-11-19,0-30 Days,2560188163.18,1712400415.01,847787748.18,Positive
2025-11-19,31-90 Days,9177520583.0,6129201841.56,3048318741.44,Positive
2025-11-19,91-180 Days,7461098884.88,4990348102.59,2470750782.29,Positive
2025-11-19,180-365 Days,17561201143.46,11740936353.17,5820264790.3,Positive
2025-11-19,1+ Years,8961674709.09,5997561455.06,2964113254.03,Positive
2025-11-20,0-30 Days,2548671675.88,1723612943.51,825058732.37,Positive
2025-11-20,31-90 Days,9155230607.57,6150903509.63,3004327097.94,Positive
2025-11-20,91-180 Days,7427663921.73,5022900604.7,2404763317.03,Positive
2025-11-20,180-365 Days,17492473719.22,11807849829.73,5684623889.49,Positive
2025-11-20,1+ Years,8914215636.4,6043767923.34,2870447713.06,Positive
2025-11-21,0-30 Days,2559843821.75,1735317132.95,824526688.8,Positive
2025-11-21,31-90 Days,9176854115.71,6173556779.52,3003297336.2,Positive
2025-11-21,91-180 Days,7460099183.95,5056880509.53,2403218674.42,Positive
2025-11-21,180-365 Days,17559146202.67,11877697411.88,5681448790.79,Positive
2025-11-21,1+ Years,8960255689.16,6092000510.47,2868255178.69,Positive
2025-11-22,0-30 Days,2537451907.7,1724448828.59,813003079.11,Positive
2025-11-22,31-90 Days,9133514927.22,6152521351.72,2980993575.5,Positive
2025-11-22,91-180 Days,7395090401.21,5025327367.83,2369763033.38,Positive
2025-11-22,180-365 Days,17425517038.15,11812838176.16,5612678861.99,Positive
2025-11-22,1+ Years,8867979333.66,6047212578.77,2820766754.88,Positive
2025-11-23,0-30 Days,2567606040.9,1707326301.91,860279739.0,Positive
2025-11-23,31-90 Days,9191877765.68,6119380977.49,3072496788.19,Positive
2025-11-23,91-180 Days,7482634658.9,4975616806.49,2507017852.41,Positive
2025-11-23,180-365 Days,17605469123.4,11710655355.64,5894813767.76,Positive
2025-11-23,1+ Years,8992243543.88,5976651198.66,3015592345.22,Positive
2025-11-24,0-30 Days,2550413951.44,1713568710.61,836845240.83,Positive
2025-11-24,31-90 Days,9158602753.81,6131463058.85,3027139694.96,Positive
2025-11-24,91-180 Days,7432722141.11,4993739928.54,2438982212.57,Positive
2025-11-24,180-365 Days,17502871170.15,11747908439.83,5754962730.32,Positive
2025-11-24,1+ Years,8921395497.79,6002375963.56,2919019534.23,Positive
2025-11-25,0-30 Days,2544810117.7,1718752912.2,826057205.5,Positive
2025-11-25,31-90 Days,9147756623.99,6141496997.42,3006259626.57,Positive
2025-11-25,91-180 Days,7416452946.37,5008790836.39,2407662109.99,Positive
2025-11-25,180-365 Days,17469428936.54,11778846417.09,5690582519.45,Positive
2025-11-25,1+ Years,8898302279.71,6023739891.09,2874562388.62,Positive
2025-11-26,0-30 Days,2544804943.57,1733624426.45,811180517.12,Positive
2025-11-26,31-90 Days,9147746609.55,6170280573.39,2977466036.16,Positive
2025-11-26,91-180 Days,7416437924.71,5051966200.34,2364471724.37,Positive
2025-11-26,180-365 Days,17469398058.67,11867595776.32,5601802282.34,Positive
2025-11-26,1+ Years,8898280957.29,6085024921.59,2813256035.7,Positive
2025-11-27,0-30 Days,2537667481.75,1717626430.8,820041050.95,Positive
2025-11-27,31-90 Days,9133932167.32,6139316710.84,2994615456.48,Positive
2025-11-27,91-180 Days,7395716261.37,5005520406.52,2390195854.85,Positive
2025-11-27,180-365 Days,17426803528.47,11772123866.79,5654679661.67,Positive
2025-11-27,1+ Years,8868867707.38,6019097697.58,2849770009.8,Positive
2025-11-28,0-30 Days,2533655767.57,1718862899.17,814792868.4,Positive
2025-11-28,31-90 Days,9126167559.22,6141709875.42,2984457683.8,Positive
2025-11-28,91-180 Days,7384069349.21,5009110153.39,2374959195.82,Positive
2025-11-28,180-365 Days,17402862653.49,11779502790.93,5623359862.56,Positive
2025-11-28,1+ Years,8852335562.63,6024193143.84,2828142418.79,Positive
2025-11-29,0-30 Days,2538084569.66,1710898441.59,827186128.07,Positive
2025-11-29,31-90 Days,9134739434.25,6126294796.24,3008444638.01,Positive
2025-11-29,91-180 Days,7396927161.76,4985987534.62,2410939627.14,Positive
2025-11-29,180-365 Days,17429292601.49,11731972963.45,5697319638.04,Positive
2025-11-29,1+ Years,8870586513.21,5991371871.08,2879214642.13,Positive
2025-11-30,0-30 Days,2557536959.82,1719232091.03,838304868.78,Positive
2025-11-30,31-90 Days,9172389221.65,6142424440.32,3029964781.32,Positive
2025-11-30,91-180 Days,7453401842.85,5010182000.74,2443219842.11,Positive
2025-11-30,180-365 Days,17545379445.97,11781706032.7,5763673413.27,Positive
2025-11-30,1+ Years,8950749185.54,6025714571.6,2925034613.94,Positive
2025-12-01,0-30 Days,2558096939.59,1709370159.41,848726780.17,Positive
2025-12-01,31-90 Days,9173473053.46,6123336830.73,3050136222.72,Positive
2025-12-01,91-180 Days,7455027590.57,4981550586.35,2473477004.21,Positive
2025-12-01,180-365 Days,17548721260.71,11722852569.8,5825868690.91,Positive
2025-12-01,1+ Years,8953056844.1,5985073869.52,2967982974.59,Positive
2025-12-02,0-30 Days,2571330386.18,1713583910.6,857746475.58,Positive
2025-12-02,31-90 Days,9199086175.89,6131492478.2,3067593697.69,Positive
2025-12-02,91-180 Days,7493447274.22,4993784057.55,2499663216.67,Positive
2025-12-02,180-365 Days,17627695054.88,11747999149.48,5879695905.4,Positive
2025-12-02,1+ Years,9007591450.62,6002438602.24,3005152848.38,Positive
2025-12-03,0-30 Days,2556482550.03,1709954959.16,846527590.87,Positive
2025-12-03,31-90 Days,9170348428.5,6124468701.22,3045879727.29,Positive
2025-12-03,91-180 Days,7450340653.14,4983248392.08,2467092261.06,Positive
2025-12-03,180-365 Days,17539087000.44,11726342503.79,5812744496.66,Positive
2025-12-03,1+ Years,8946403996.81,5987483810.42,2958920186.39,Positive
2025-12-04,0-30 Days,2550001696.91,1724502542.36,825499154.55,Positive
2025-12-04,31-90 Days,9157804841.83,6152625313.86,3005179527.97,Positive
2025-12-04,91-180 Days,7431525273.13,5025483311.04,2406041962.09,Positive
2025-12-04,180-365 Days,17500410941.53,11813158726.1,5687252215.43,Positive
2025-12-04,1+ Years,8919696610.19,6047433931.5,2872262678.68,Positive
2025-12-05,0-30 Days,2536672779.99,1730457790.08,806214989.91,Positive
2025-12-05,31-90 Days,9132006938.1,6164151599.76,2967855338.34,Positive
2025-12-05,91-180 Days,7392828417.54,5042772739.9,2350055677.64,Positive
2025-12-05,180-365 Days,17420867405.04,11848698107.64,5572169297.41,Positive
2025-12-05,1+ Years,8864768573.5,6071975315.24,2792793258.26,Positive
2025-12-06,0-30 Days,2550088623.48,1727079728.27,823008895.21,Positive
2025-12-06,31-90 Days,9157973086.8,6157613415.63,3000359671.17,Positive
2025-12-06,91-180 Days,7431777640.58,5032965463.69,2398812176.88,Positive
2025-12-06,180-365 Days,17500929696.84,11828538706.55,5672390990.29,Positive
2025-12-06,1+ Years,8920054831.76,6058054431.52,2862000400.24,Positive
2025-12-07,0-30 Days,2552038320.93,1716245125.68,835793195.25,Positive
2025-12-07,31-90 Days,9161746694.77,6136643217.05,3025103477.72,Positive
2025-12-07,91-180 Days,7437438052.54,5001510165.84,2435927886.7,Positive
2025-12-07,180-365 Days,17512564988.1,11763880594.29,5748684393.81,Positive
2025-12-07,1+ Years,8928089472.07,6013405383.73,2914684088.34,Positive
2025-12-08,0-30 Days,2549884872.88,1714801421.43,835083451.46,Positive
2025-12-08,31-90 Days,9157578730.8,6133848950.76,3023729780.04,Positive
2025-12-08,91-180 Days,7431186106.59,4997318766.39,2433867340.19,Positive
2025-12-08,180-365 Days,17499713765.87,11755264939.88,5744448825.99,Positive
2025-12-08,1+ Years,8919215182.12,6007455925.07,2911759257.05,Positive
2025-12-09,0-30 Days,2549176636.58,1713572359.91,835604276.66,Positive
2025-12-09,31-90 Days,9156207950.86,6131470122.03,3024737828.83,Positive
2025-12-09,91-180 Days,7429129936.67,4993750523.29,2435379413.38,Positive
2025-12-09,180-365 Days,17495487194.37,11747930217.95,5747556976.42,Positive
2025-12-09,1+ Years,8916296563.16,6002391002.23,2913905560.93,Positive
2025-12-10,0-30 Days,2574293905.7,1716675868.11,857618037.59,Positive
2025-12-10,31-90 Days,9204822020.13,6137476912.09,3067345108.04,Positive
2025-12-10,91-180 Days,7502051040.58,5002760708.39,2499290332.19,Positive
2025-12-10,180-365 Days,17645380574.62,11766451153.98,5878929420.65,Positive
2025-12-10,1+ Years,9019804018.98,6015180459.4,3004623559.58,Positive
2025-12-11,0-30 Days,2544619192.25,1735964285.17,808654907.09,Positive
2025-12-11,31-90 Days,9147387090.87,6174809332.19,2972577758.68,Positive
2025-12-11,91-180 Days,7415898646.69,5058759338.54,2357139308.15,Positive
2025-12-11,180-365 Days,17468289542.74,11881559449.29,5586730093.45,Positive
2025-12-11,1+ Years,8897515482.1,6094667403.87,2802848078.23,Positive
2025-12-12,0-30 Days,2547724378.32,1708287989.48,839436388.84,Positive
2025-12-12,31-90 Days,9153397128.42,6121242308.27,3032154820.14,Positive
2025-12-12,91-180 Days,7424913703.01,4978408802.67,2446504900.34,Positive
2025-12-12,180-365 Days,17486820491.84,11716394458.88,5770426032.96,Positive
2025-12-12,1+ Years,8910311853.71,5980614282.11,2929697571.59,Positive
2025-12-13,0-30 Days,2553030652.72,1719281331.65,833749321.07,Positive
2025-12-13,31-90 Days,9163667336.93,6142519744.74,3021147592.19,Positive
2025-12-13,91-180 Days,7440319015.78,5010324957.37,2429994058.41,Positive
2025-12-13,180-365 Days,17518486968.1,11781999887.99,5736487080.1,Positive
2025-12-13,1+ Years,8932178839.34,6025917490.6,2906261348.74,Positive
2025-12-14,0-30 Days,2547696442.65,1735998088.12,811698354.53,Positive
2025-12-14,31-90 Days,9153343059.39,6174874757.26,2978468302.13,Positive
2025-12-14,91-180 Days,7424832599.47,5058857476.14,2365975123.32,Positive
2025-12-14,180-365 Days,17486653779.0,11881761176.58,5604892602.42,Positive
2025-12-14,1+ Years,8910196731.73,6094806704.74,2815390026.99,Positive
2025-12-15,0-30 Days,2558223735.05,1715855002.03,842368733.02,Positive
2025-12-15,31-90 Days,9173718464.03,6135888139.03,3037830325.0,Positive
2025-12-15,91-180 Days,7455395706.43,5000377548.81,2455018157.62,Positive
2025-12-15,180-365 Days,17549477943.32,11761552437.06,5787925506.26,Positive
2025-12-15,1+ Years,8953579364.12,6011797696.77,2941781667.35,Positive
2025-12-16,0-30 Days,2549132138.77,1710607935.91,838524202.86,Positive
2025-12-16,31-90 Days,9156121826.07,6125732527.19,3030389298.89,Positive
2025-12-16,91-180 Days,7429000749.5,4985144131.03,2443856618.46,Positive
2025-12-16,180-365 Days,17495221642.95,11730239300.53,5764982342.43,Positive
2025-12-16,1+ Years,8916113189.14,5990174706.55,2925938482.59,Positive
2025-12-17,0-30 Days,2555866015.05,1728905309.85,826960705.2,Positive
2025-12-17,31-90 Days,9169155135.0,6161146799.32,3008008335.67,Positive
2025-12-17,91-180 Days,7448550712.88,5038265539.24,2410285173.64,Positive
2025-12-17,180-365 Days,17535407678.8,11839433306.29,5695974372.51,Positive
2025-12-17,1+ Years,8943863276.05,6065577594.31,2878285681.74,Positive
2025-12-18,0-30 Days,2563563324.35,1726858996.58,836704327.77,Positive
2025-12-18,31-90 Days,9184053153.0,6157186192.99,3026866960.01,Positive
2025-12-18,91-180 Days,7470897739.88,5032324629.74,2438573110.15,Positive
2025-12-18,180-365 Days,17581343234.3,11827221436.75,5754121797.56,Positive
2025-12-18,1+ Years,8975583639.38,6057144803.31,2918438836.07,Positive
2025-12-19,0-30 Days,2537862361.07,1710845589.05,827016772.02,Positive
2025-12-19,31-90 Days,9134309353.1,6126192501.01,3008116852.1,Positive
2025-12-19,91-180 Days,7396282040.04,4985834091.76,2410447948.27,Positive
2025-12-19,180-365 Days,17427966517.95,11731657553.14,5696308964.81,Positive
2025-12-19,1+ Years,8869670798.77,5991154067.47,2878516731.29,Positive
2025-12-20,0-30 Days,2539501438.61,1721624002.4,817877436.21,Positive
2025-12-20,31-90 Days,9137481761.24,6147053946.19,2990427815.05,Positive
2025-12-20,91-180 Days,7401040652.24,5017126259.54,2383914392.71,Positive
2025-12-20,180-365 Days,17437748109.71,11795980342.45,5641767767.27,Positive
2025-12-20,1+ Years,8876425384.43,6035571561.17,2840853823.26,Positive
2025-12-21,0-30 Days,2553757022.08,1722725857.88,831031164.2,Positive
2025-12-21,31-90 Days,9165073213.12,6149186569.71,3015886643.41,Positive
2025-12-21,91-180 Days,7442427830.06,5020325194.81,2422102635.24,Positive
2025-12-21,180-365 Days,17522821753.0,11802555931.63,5720265821.37,Positive
2025-12-21,1+ Years,8935172184.05,6040112272.08,2895059911.97,Positive
2025-12-22,0-30 Days,2573529164.32,1722756415.41,850772748.91,Positive
2025-12-22,31-90 Days,9203341875.53,6149245713.31,3054096162.22,Positive
2025-12-22,91-180 Days,7499830823.68,5020413910.22,2479416913.46,Positive
2025-12-22,180-365 Days,17640816795.43,11802738291.07,5838078504.36,Positive
2025-12-22,1+ Years,9016652544.43,6040238198.67,2976414345.77,Positive
2025-12-23,0-30 Days,2554052031.2,1723818779.32,830233251.89,Positive
2025-12-23,31-90 Days,9165644198.52,6151301901.51,3014342297.01,Positive
2025-12-23,91-180 Days,7443284308.17,5023498192.53,2419786115.64,Positive
2025-12-23,180-365 Days,17524582291.33,11809078204.7,5715504086.63,Positive
2025-12-23,1+ Years,8936387907.14,6044616166.05,2891771741.09,Positive
2025-12-24,0-30 Days,2549292670.25,1731258342.73,818034327.52,Positive
2025-12-24,31-90 Days,9156432532.15,6165701056.5,2990731475.66,Positive
2025-12-24,91-180 Days,7429466808.61,5045096925.0,2384369883.61,Positive
2025-12-24,180-365 Days,17496179653.36,11853475599.24,5642704054.12,Positive
2025-12-24,1+ Years,8916774734.17,6075274366.87,2841500367.29,Positive
2025-12-25,0-30 Days,2553978287.31,1713688993.14,840289294.18,Positive
2025-12-25,31-90 Days,9165501468.41,6131695863.74,3033805604.66,Positive
2025-12-25,91-180 Days,7443070212.99,4994089135.87,2448981077.12,Positive
2025-12-25,180-365 Days,17524142206.81,11748626254.91,5775515951.89,Positive
2025-12-25,1+ Years,8936084010.94,6002871643.97,2933212366.97,Positive
2025-12-26,0-30 Days,2536387105.81,1731406907.19,804980198.62,Positive
2025-12-26,31-90 Days,9131454020.35,6165988600.62,2965465419.72,Positive
2025-12-26,91-180 Days,7391999040.9,5045528241.19,2346470799.71,Positive
2025-12-26,180-365 Days,17419162575.29,11854362193.62,5564800381.66,Positive
2025-12-26,1+ Years,8863591319.44,6075886596.24,2787704723.2,Positive
2025-12-27,0-30 Days,2544491530.08,1737875779.99,806615750.09,Positive
2025-12-27,31-90 Days,9147140002.79,6178508999.58,2968631003.2,Positive
2025-12-27,91-180 Days,7415528014.56,5064308839.63,2351219174.93,Positive
2025-12-27,180-365 Days,17467527687.82,11892966757.08,5574560930.73,Positive
2025-12-27,1+ Years,8896989390.39,6102544612.36,2794444778.03,Positive
2025-12-28,0-30 Days,2537730610.62,1722251257.66,815479352.96,Positive
2025-12-28,31-90 Days,9134054352.24,6148267988.64,2985786363.6,Positive
2025-12-28,91-180 Days,7395899538.74,5018947323.21,2376952215.53,Positive
2025-12-28,180-365 Days,17427180265.29,11799723640.0,5627456625.29,Positive
2025-12-28,1+ Years,8869127859.43,6038156459.88,2830971399.54,Positive
2025-12-29,0-30 Days,2568122566.82,1703176393.16,864946173.66,Positive
2025-12-29,31-90 Days,9192877493.27,6111348896.05,3081528597.22,Positive
2025-12-29,91-180 Days,7484134250.29,4963568684.33,2520565565.96,Positive
2025-12-29,180-365 Days,17608551616.8,11685889771.19,5922661845.61,Positive
2025-12-29,1+ Years,8994372130.54,5959549558.59,3034822571.95,Positive
2025-12-30,0-30 Days,2529438156.38,1729859360.22,799578796.16,Positive
2025-12-30,31-90 Days,9118004440.8,6162993348.43,2955011092.37,Positive
2025-12-30,91-180 Days,7371824671.58,5041035362.9,2330789308.68,Positive
2025-12-30,180-365 Days,17377693038.35,11845126832.69,5532566205.66,Positive
2025-12-30,1+ Years,8834954922.99,6069509205.11,2765445717.88,Positive
2025-12-31,0-30 Days,2557488201.67,1721070317.3,836417884.37,Positive
2025-12-31,31-90 Days,9172294851.03,6145982297.61,3026312553.42,Positive
2025-12-31,91-180 Days,7453260286.94,5015518786.68,2437741500.26,Positive
2025-12-31,180-365 Days,17545088469.91,11792676092.68,5752412377.23,Positive
2025-12-31,1+ Years,8950548254.78,6033289842.75,2917258412.03,Positive
