id,date,asset_type,amount,hqla_category
1,2025-01-01,Cash,1154470887.77,Level 1
2,2025-01-01,Government Bonds,3169561881.78,Level 1
3,2025-01-01,Treasury Bills,1499889170.33,Level 1
4,2025-01-01,Central Bank Reserves,882136616.72,Level 1
5,2025-01-01,Corporate Bonds,766920935.17,Level 2A
6,2025-01-01,Covered Bonds,462829929.3,Level 2B
7,2025-01-02,Cash,1119543554.13,Level 1
8,2025-01-02,Government Bonds,3250645472.88,Level 1
9,2025-01-02,Treasury Bills,1404881710.15,Level 1
10,2025-01-02,Central Bank Reserves,890169196.46,Level 1
11,2025-01-02,Corporate Bonds,713143479.18,Level 2A
12,2025-01-02,Covered Bonds,438398619.02,Level 2B
13,2025-01-03,Cash,1145868266.31,Level 1
14,2025-01-03,Government Bonds,3097572736.89,Level 1
15,2025-01-03,Treasury Bills,1427065037.9,Level 1
16,2025-01-03,Central Bank Reserves,820705102.94,Level 1
17,2025-01-03,Corporate Bonds,724162371.93,Level 2A
18,2025-01-03,Covered Bonds,439842156.8,Level 2B
19,2025-01-04,Cash,1094185023.64,Level 1
20,2025-01-04,Government Bonds,2986407347.84,Level 1
21,2025-01-04,Treasury Bills,1445592360.75,Level 1
22,2025-01-04,Central Bank Reserves,864372647.51,Level 1
23,2025-01-04,Corporate Bonds,716006204.02,Level 2A
24,2025-01-04,Covered Bonds,416144781.42,Level 2B
25,2025-01-05,Cash,1163294576.86,Level 1
26,2025-01-05,Government Bonds,3168094786.58,Level 1
27,2025-01-05,Treasury Bills,1510774756.14,Level 1
28,2025-01-05,Central Bank Reserves,832882588.37,Level 1
29,2025-01-05,Corporate Bonds,734309783.4,Level 2A
30,2025-01-05,Covered Bonds,428017756.73,Level 2B
31,2025-01-06,Cash,1180135293.74,Level 1
32,2025-01-06,Government Bonds,3237380081.39,Level 1
33,2025-01-06,Treasury Bills,1514678615.97,Level 1
34,2025-01-06,Central Bank Reserves,834061600.16,Level 1
35,2025-01-06,Corporate Bonds,693298281.93,Level 2A
36,2025-01-06,Covered Bonds,442842707.62,Level 2B
37,2025-01-07,Cash,1139135154.91,Level 1
38,2025-01-07,Government Bonds,3070207026.74,Level 1
39,2025-01-07,Treasury Bills,1396457540.91,Level 1
40,2025-01-07,Central Bank Reserves,908547698.07,Level 1
41,2025-01-07,Corporate Bonds,705965143.9,Level 2A
42,2025-01-07,Covered Bonds,429326425.1,Level 2B
43,2025-01-08,Cash,1124430722.46,Level 1
44,2025-01-08,Government Bonds,3002580928.04,Level 1
45,2025-01-08,Treasury Bills,1428937450.79,Level 1
46,2025-01-08,Central Bank Reserves,818730710.79,Level 1
47,2025-01-08,Corporate Bonds,734528263.02,Level 2A
48,2025-01-08,Covered Bonds,416472184.6,Level 2B
49,2025-01-09,Cash,1206979848.95,Level 1
50,2025-01-09,Government Bonds,3245903707.3,Level 1
51,2025-01-09,Treasury Bills,1458271388.35,Level 1
52,2025-01-09,Central Bank Reserves,856768968.43,Level 1
53,2025-01-09,Corporate Bonds,714604090.66,Level 2A
54,2025-01-09,Covered Bonds,443434693.23,Level 2B
55,2025-01-10,Cash,1213722044.52,Level 1
56,2025-01-10,Government Bonds,3303557689.47,Level 1
57,2025-01-10,Treasury Bills,1527426017.82,Level 1
58,2025-01-10,Central Bank Reserves,892677214.02,Level 1
59,2025-01-10,Corporate Bonds,713659905.28,Level 2A
60,2025-01-10,Covered Bonds,450687293.25,Level 2B
61,2025-01-11,Cash,1153151677.61,Level 1
62,2025-01-11,Government Bonds,3339865282.57,Level 1
63,2025-01-11,Treasury Bills,1445258099.95,Level 1
64,2025-01-11,Central Bank Reserves,897090633.72,Level 1
65,2025-01-11,Corporate Bonds,714862858.39,Level 2A
66,2025-01-11,Covered Bonds,444725878.6,Level 2B
67,2025-01-12,Cash,1159875500.27,Level 1
68,2025-01-12,Government Bonds,3292445057.86,Level 1
69,2025-01-12,Treasury Bills,1515784899.9,Level 1
70,2025-01-12,Central Bank Reserves,921107406.53,Level 1
71,2025-01-12,Corporate Bonds,716608964.63,Level 2A
72,2025-01-12,Covered Bonds,437238789.22,Level 2B
73,2025-01-13,Cash,1191744832.3,Level 1
74,2025-01-13,Government Bonds,3256844999.83,Level 1
75,2025-01-13,Treasury Bills,1425433147.46,Level 1
76,2025-01-13,Central Bank Reserves,880992431.26,Level 1
77,2025-01-13,Corporate Bonds,711367861.67,Level 2A
78,2025-01-13,Covered Bonds,431191919.16,Level 2B
79,2025-01-14,Cash,1160284433.98,Level 1
80,2025-01-14,Government Bonds,2995526737.71,Level 1
81,2025-01-14,Treasury Bills,1460368064.94,Level 1
82,2025-01-14,Central Bank Reserves,872483853.47,Level 1
83,2025-01-14,Corporate Bonds,721887812.16,Level 2A
84,2025-01-14,Covered Bonds,404596538.99,Level 2B
85,2025-01-15,Cash,1119143381.15,Level 1
86,2025-01-15,Government Bonds,3108229304.57,Level 1
87,2025-01-15,Treasury Bills,1373786643.87,Level 1
88,2025-01-15,Central Bank Reserves,897289582.35,Level 1
89,2025-01-15,Corporate Bonds,720290670.15,Level 2A
90,2025-01-15,Covered Bonds,421501886.02,Level 2B
91,2025-01-16,Cash,1146743264.52,Level 1
92,2025-01-16,Government Bonds,3202173505.44,Level 1
93,2025-01-16,Treasury Bills,1443296856.15,Level 1
94,2025-01-16,Central Bank Reserves,900884006.11,Level 1
95,2025-01-16,Corporate Bonds,720299909.26,Level 2A
96,2025-01-16,Covered Bonds,453587760.66,Level 2B
97,2025-01-17,Cash,1149933437.43,Level 1
98,2025-01-17,Government Bonds,3397518911.65,Level 1
99,2025-01-17,Treasury Bills,1423774178.74,Level 1
100,2025-01-17,Central Bank Reserves,916544849.33,Level 1
101,2025-01-17,Corporate Bonds,731449683.44,Level 2A
102,2025-01-17,Covered Bonds,460960759.62,Level 2B
103,2025-01-18,Cash,1221887773.36,Level 1
104,2025-01-18,Government Bonds,3355008909.54,Level 1
105,2025-01-18,Treasury Bills,1453073971.61,Level 1
106,2025-01-18,Central Bank Reserves,851947375.54,Level 1
107,2025-01-18,Corporate Bonds,733821195.73,Level 2A
108,2025-01-18,Covered Bonds,430090974.53,Level 2B
109,2025-01-19,Cash,1155507343.01,Level 1
110,2025-01-19,Government Bonds,3380807967.2,Level 1
111,2025-01-19,Treasury Bills,1487640795.09,Level 1
112,2025-01-19,Central Bank Reserves,908560426.51,Level 1
113,2025-01-19,Corporate Bonds,706526778.38,Level 2A
114,2025-01-19,Covered Bonds,456020054.46,Level 2B
115,2025-01-20,Cash,1187885014.16,Level 1
116,2025-01-20,Government Bonds,3305670166.77,Level 1
117,2025-01-20,Treasury Bills,1526151263.86,Level 1
118,2025-01-20,Central Bank Reserves,863061322.23,Level 1
119,2025-01-20,Corporate Bonds,743580697.33,Level 2A
120,2025-01-20,Covered Bonds,441513989.54,Level 2B
121,2025-01-21,Cash,1120347652.02,Level 1
122,2025-01-21,Government Bonds,2987485732.11,Level 1
123,2025-01-21,Treasury Bills,1351936125.43,Level 1
124,2025-01-21,Central Bank Reserves,820473646.22,Level 1
125,2025-01-21,Corporate Bonds,742480716.72,Level 2A
126,2025-01-21,Covered Bonds,427879182.03,Level 2B
127,2025-01-22,Cash,1184372126.17,Level 1
128,2025-01-22,Government Bonds,3217449891.57,Level 1
129,2025-01-22,Treasury Bills,1491441988.97,Level 1
130,2025-01-22,Central Bank Reserves,888906350.85,Level 1
131,2025-01-22,Corporate Bonds,715874901.56,Level 2A
132,2025-01-22,Covered Bonds,453455119.14,Level 2B
133,2025-01-23,Cash,1153872109.72,Level 1
134,2025-01-23,Government Bonds,3182747509.29,Level 1
135,2025-01-23,Treasury Bills,1375698586.98,Level 1
136,2025-01-23,Central Bank Reserves,817664813.66,Level 1
137,2025-01-23,Corporate Bonds,732656069.7,Level 2A
138,2025-01-23,Covered Bonds,425869708.53,Level 2B
139,2025-01-24,Cash,1185130889.97,Level 1
140,2025-01-24,Government Bonds,2968104286.43,Level 1
141,2025-01-24,Treasury Bills,1439090647.85,Level 1
142,2025-01-24,Central Bank Reserves,887900666.81,Level 1
143,2025-01-24,Corporate Bonds,687371975.24,Level 2A
144,2025-01-24,Covered Bonds,408318477.94,Level 2B
145,2025-01-25,Cash,1111346710.53,Level 1
146,2025-01-25,Government Bonds,2993157789.35,Level 1
147,2025-01-25,Treasury Bills,1444290914.23,Level 1
148,2025-01-25,Central Bank Reserves,813020753.9,Level 1
149,2025-01-25,Corporate Bonds,709197831.14,Level 2A
150,2025-01-25,Covered Bonds,446233631.53,Level 2B
151,2025-01-26,Cash,1195469566.92,Level 1
152,2025-01-26,Government Bonds,3187124516.87,Level 1
153,2025-01-26,Treasury Bills,1495618736.31,Level 1
154,2025-01-26,Central Bank Reserves,888786174.35,Level 1
155,2025-01-26,Corporate Bonds,733197798.91,Level 2A
156,2025-01-26,Covered Bonds,426827906.46,Level 2B
157,2025-01-27,Cash,1180947554.92,Level 1
158,2025-01-27,Government Bonds,3164320955.38,Level 1
159,2025-01-27,Treasury Bills,1464014886.91,Level 1
160,2025-01-27,Central Bank Reserves,882536735.99,Level 1
161,2025-01-27,Corporate Bonds,766114610.55,Level 2A
162,2025-01-27,Covered Bonds,455488321.13,Level 2B
163,2025-01-28,Cash,1121106742.82,Level 1
164,2025-01-28,Government Bonds,3214365898.21,Level 1
165,2025-01-28,Treasury Bills,1470680717.97,Level 1
166,2025-01-28,Central Bank Reserves,841551537.72,Level 1
167,2025-01-28,Corporate Bonds,719019847.38,Level 2A
168,2025-01-28,Covered Bonds,453534419.04,Level 2B
169,2025-01-29,Cash,1138749627.39,Level 1
170,2025-01-29,Government Bonds,3031670322.97,Level 1
171,2025-01-29,Treasury Bills,1349226362.45,Level 1
172,2025-01-29,Central Bank Reserves,829031892.25,Level 1
173,2025-01-29,Corporate Bonds,742963918.07,Level 2A
174,2025-01-29,Covered Bonds,438359828.72,Level 2B
175,2025-01-30,Cash,1190538752.84,Level 1
176,2025-01-30,Government Bonds,3150035940.81,Level 1
177,2025-01-30,Treasury Bills,1497129051.19,Level 1
178,2025-01-30,Central Bank Reserves,889911280.62,Level 1
179,2025-01-30,Corporate Bonds,770645896.88,Level 2A
180,2025-01-30,Covered Bonds,429029444.73,Level 2B
181,2025-01-31,Cash,1118615868.85,Level 1
182,2025-01-31,Government Bonds,3131860433.55,Level 1
183,2025-01-31,Treasury Bills,1483369473.01,Level 1
184,2025-01-31,Central Bank Reserves,867301236.65,Level 1
185,2025-01-31,Corporate Bonds,715496738.58,Level 2A
186,2025-01-31,Covered Bonds,430106050.38,Level 2B
187,2025-02-01,Cash,1190158968.11,Level 1
188,2025-02-01,Government Bonds,3307008795.48,Level 1
189,2025-02-01,Treasury Bills,1512334750.35,Level 1
190,2025-02-01,Central Bank Reserves,892782981.95,Level 1
191,2025-02-01,Corporate Bonds,709885497.8,Level 2A
192,2025-02-01,Covered Bonds,442105507.45,Level 2B
193,2025-02-02,Cash,1127305511.79,Level 1
194,2025-02-02,Government Bonds,3286388176.96,Level 1
195,2025-02-02,Treasury Bills,1377893858.95,Level 1
196,2025-02-02,Central Bank Reserves,901565317.81,Level 1
197,2025-02-02,Corporate Bonds,719503308.12,Level 2A
198,2025-02-02,Covered Bonds,439317361.72,Level 2B
199,2025-02-03,Cash,1217362917.3,Level 1
200,2025-02-03,Government Bonds,3264514816.51,Level 1
201,2025-02-03,Treasury Bills,1480542116.17,Level 1
202,2025-02-03,Central Bank Reserves,840256531.53,Level 1
203,2025-02-03,Corporate Bonds,733279237.46,Level 2A
204,2025-02-03,Covered Bonds,423795989.39,Level 2B
205,2025-02-04,Cash,1177963330.32,Level 1
206,2025-02-04,Government Bonds,3293756526.86,Level 1
207,2025-02-04,Treasury Bills,1403252554.19,Level 1
208,2025-02-04,Central Bank Reserves,845756337.57,Level 1
209,2025-02-04,Corporate Bonds,751235241.35,Level 2A
210,2025-02-04,Covered Bonds,422317509.73,Level 2B
211,2025-02-05,Cash,1075019945.63,Level 1
212,2025-02-05,Government Bonds,3249816366.52,Level 1
213,2025-02-05,Treasury Bills,1446252125.47,Level 1
214,2025-02-05,Central Bank Reserves,835180902.93,Level 1
215,2025-02-05,Corporate Bonds,691977965.2,Level 2A
216,2025-02-05,Covered Bonds,417440076.17,Level 2B
217,2025-02-06,Cash,1198143350.87,Level 1
218,2025-02-06,Government Bonds,3140491186.49,Level 1
219,2025-02-06,Treasury Bills,1425861999.75,Level 1
220,2025-02-06,Central Bank Reserves,848821559.14,Level 1
221,2025-02-06,Corporate Bonds,748760896.31,Level 2A
222,2025-02-06,Covered Bonds,453858182.38,Level 2B
223,2025-02-07,Cash,1088860234.51,Level 1
224,2025-02-07,Government Bonds,3013621627.07,Level 1
225,2025-02-07,Treasury Bills,1496442393.46,Level 1
226,2025-02-07,Central Bank Reserves,840189997.52,Level 1
227,2025-02-07,Corporate Bonds,734023038.86,Level 2A
228,2025-02-07,Covered Bonds,434214129.73,Level 2B
229,2025-02-08,Cash,1117884558.14,Level 1
230,2025-02-08,Government Bonds,3047481058.18,Level 1
231,2025-02-08,Treasury Bills,1456287496.31,Level 1
232,2025-02-08,Central Bank Reserves,887561138.15,Level 1
233,2025-02-08,Corporate Bonds,730223528.87,Level 2A
234,2025-02-08,Covered Bonds,433227430.17,Level 2B
235,2025-02-09,Cash,1180970952.0,Level 1
236,2025-02-09,Government Bonds,3195000447.98,Level 1
237,2025-02-09,Treasury Bills,1380934560.99,Level 1
238,2025-02-09,Central Bank Reserves,886699656.45,Level 1
239,2025-02-09,Corporate Bonds,712258293.16,Level 2A
240,2025-02-09,Covered Bonds,426531775.67,Level 2B
241,2025-02-10,Cash,1213969487.1,Level 1
242,2025-02-10,Government Bonds,3288140861.59,Level 1
243,2025-02-10,Treasury Bills,1416853592.44,Level 1
244,2025-02-10,Central Bank Reserves,868669258.79,Level 1
245,2025-02-10,Corporate Bonds,767289200.13,Level 2A
246,2025-02-10,Covered Bonds,429317185.69,Level 2B
247,2025-02-11,Cash,1143284175.67,Level 1
248,2025-02-11,Government Bonds,3146351219.29,Level 1
249,2025-02-11,Treasury Bills,1455129165.13,Level 1
250,2025-02-11,Central Bank Reserves,901579057.28,Level 1
251,2025-02-11,Corporate Bonds,700783681.04,Level 2A
252,2025-02-11,Covered Bonds,415325153.01,Level 2B
253,2025-02-12,Cash,1183012523.36,Level 1
254,2025-02-12,Government Bonds,3177765195.91,Level 1
255,2025-02-12,Treasury Bills,1393199911.83,Level 1
256,2025-02-12,Central Bank Reserves,881196398.58,Level 1
257,2025-02-12,Corporate Bonds,737563726.91,Level 2A
258,2025-02-12,Covered Bonds,441903745.1,Level 2B
259,2025-02-13,Cash,1159694847.12,Level 1
260,2025-02-13,Government Bonds,3353585904.74,Level 1
261,2025-02-13,Treasury Bills,1480581015.38,Level 1
262,2025-02-13,Central Bank Reserves,922369720.4,Level 1
263,2025-02-13,Corporate Bonds,760205263.82,Level 2A
264,2025-02-13,Covered Bonds,458261713.61,Level 2B
265,2025-02-14,Cash,1133100002.88,Level 1
266,2025-02-14,Government Bonds,3234387545.51,Level 1
267,2025-02-14,Treasury Bills,1534521668.29,Level 1
268,2025-02-14,Central Bank Reserves,916560953.06,Level 1
269,2025-02-14,Corporate Bonds,698362811.88,Level 2A
270,2025-02-14,Covered Bonds,424358652.87,Level 2B
271,2025-02-15,Cash,1160002767.78,Level 1
272,2025-02-15,Government Bonds,3218646430.43,Level 1
273,2025-02-15,Treasury Bills,1377337449.43,Level 1
274,2025-02-15,Central Bank Reserves,851274175.19,Level 1
275,2025-02-15,Corporate Bonds,733135371.8,Level 2A
276,2025-02-15,Covered Bonds,435291222.16,Level 2B
277,2025-02-16,Cash,1173446601.19,Level 1
278,2025-02-16,Government Bonds,3200757974.43,Level 1
279,2025-02-16,Treasury Bills,1424244768.73,Level 1
280,2025-02-16,Central Bank Reserves,877876031.44,Level 1
281,2025-02-16,Corporate Bonds,740566207.08,Level 2A
282,2025-02-16,Covered Bonds,452383092.69,Level 2B
283,2025-02-17,Cash,1200023673.24,Level 1
284,2025-02-17,Government Bonds,3106762273.96,Level 1
285,2025-02-17,Treasury Bills,1456237598.95,Level 1
286,2025-02-17,Central Bank Reserves,834077178.06,Level 1
287,2025-02-17,Corporate Bonds,712412705.74,Level 2A
288,2025-02-17,Covered Bonds,448488846.01,Level 2B
289,2025-02-18,Cash,1146362619.9,Level 1
290,2025-02-18,Government Bonds,3251781853.56,Level 1
291,2025-02-18,Treasury Bills,1537581683.86,Level 1
292,2025-02-18,Central Bank Reserves,869163765.76,Level 1
293,2025-02-18,Corporate Bonds,750505238.98,Level 2A
294,2025-02-18,Covered Bonds,458274017.01,Level 2B
295,2025-02-19,Cash,1131631611.8,Level 1
296,2025-02-19,Government Bonds,3165746251.9,Level 1
297,2025-02-19,Treasury Bills,1501526909.67,Level 1
298,2025-02-19,Central Bank Reserves,880804978.35,Level 1
299,2025-02-19,Corporate Bonds,693924884.25,Level 2A
300,2025-02-19,Covered Bonds,449459325.96,Level 2B
301,2025-02-20,Cash,1155368028.8,Level 1
302,2025-02-20,Government Bonds,3008796071.78,Level 1
303,2025-02-20,Treasury Bills,1474140847.06,Level 1
304,2025-02-20,Central Bank Reserves,834574430.87,Level 1
305,2025-02-20,Corporate Bonds,692588425.79,Level 2A
306,2025-02-20,Covered Bonds,408024098.24,Level 2B
307,2025-02-21,Cash,1189651935.3,Level 1
308,2025-02-21,Government Bonds,3309276571.85,Level 1
309,2025-02-21,Treasury Bills,1414215169.3,Level 1
310,2025-02-21,Central Bank Reserves,855433812.1,Level 1
311,2025-02-21,Corporate Bonds,732456138.4,Level 2A
312,2025-02-21,Covered Bonds,446529841.16,Level 2B
313,2025-02-22,Cash,1153822619.93,Level 1
314,2025-02-22,Government Bonds,3179779443.78,Level 1
315,2025-02-22,Treasury Bills,1486617838.41,Level 1
316,2025-02-22,Central Bank Reserves,831395620.55,Level 1
317,2025-02-22,Corporate Bonds,737766058.43,Level 2A
318,2025-02-22,Covered Bonds,431107310.17,Level 2B
319,2025-02-23,Cash,1132429650.65,Level 1
320,2025-02-23,Government Bonds,3274942553.76,Level 1
321,2025-02-23,Treasury Bills,1472787536.65,Level 1
322,2025-02-23,Central Bank Reserves,897957992.19,Level 1
323,2025-02-23,Corporate Bonds,705692587.25,Level 2A
324,2025-02-23,Covered Bonds,446219261.05,Level 2B
325,2025-02-24,Cash,1171341856.71,Level 1
326,2025-02-24,Government Bonds,3234902501.62,Level 1
327,2025-02-24,Treasury Bills,1481031405.56,Level 1
328,2025-02-24,Central Bank Reserves,899841424.55,Level 1
329,2025-02-24,Corporate Bonds,710925018.51,Level 2A
330,2025-02-24,Covered Bonds,450796559.32,Level 2B
331,2025-02-25,Cash,1110822490.57,Level 1
332,2025-02-25,Government Bonds,3048858622.34,Level 1
333,2025-02-25,Treasury Bills,1425815316.09,Level 1
334,2025-02-25,Central Bank Reserves,894692389.54,Level 1
335,2025-02-25,Corporate Bonds,739979414.11,Level 2A
336,2025-02-25,Covered Bonds,447507910.3,Level 2B
337,2025-02-26,Cash,1154257822.45,Level 1
338,2025-02-26,Government Bonds,3080726126.0,Level 1
339,2025-02-26,Treasury Bills,1426564544.73,Level 1
340,2025-02-26,Central Bank Reserves,865155181.81,Level 1
341,2025-02-26,Corporate Bonds,695893830.61,Level 2A
342,2025-02-26,Covered Bonds,423284749.67,Level 2B
343,2025-02-27,Cash,1194334512.35,Level 1
344,2025-02-27,Government Bonds,3368710086.75,Level 1
345,2025-02-27,Treasury Bills,1521717154.98,Level 1
346,2025-02-27,Central Bank Reserves,887603631.02,Level 1
347,2025-02-27,Corporate Bonds,723529635.02,Level 2A
348,2025-02-27,Covered Bonds,443522307.06,Level 2B
349,2025-02-28,Cash,1134849551.49,Level 1
350,2025-02-28,Government Bonds,3215440796.03,Level 1
351,2025-02-28,Treasury Bills,1524967488.32,Level 1
352,2025-02-28,Central Bank Reserves,874631264.43,Level 1
353,2025-02-28,Corporate Bonds,742725892.42,Level 2A
354,2025-02-28,Covered Bonds,446338910.94,Level 2B
355,2025-03-01,Cash,1122361395.66,Level 1
356,2025-03-01,Government Bonds,3077817262.89,Level 1
357,2025-03-01,Treasury Bills,1355148573.61,Level 1
358,2025-03-01,Central Bank Reserves,812918016.19,Level 1
359,2025-03-01,Corporate Bonds,734867489.1,Level 2A
360,2025-03-01,Covered Bonds,417080290.48,Level 2B
361,2025-03-02,Cash,1137885122.67,Level 1
362,2025-03-02,Government Bonds,3334189442.23,Level 1
363,2025-03-02,Treasury Bills,1416633023.62,Level 1
364,2025-03-02,Central Bank Reserves,864817215.94,Level 1
365,2025-03-02,Corporate Bonds,752838681.98,Level 2A
366,2025-03-02,Covered Bonds,450362100.29,Level 2B
367,2025-03-03,Cash,1172598087.45,Level 1
368,2025-03-03,Government Bonds,3116832642.22,Level 1
369,2025-03-03,Treasury Bills,1420267820.41,Level 1
370,2025-03-03,Central Bank Reserves,822327813.22,Level 1
371,2025-03-03,Corporate Bonds,681511692.79,Level 2A
372,2025-03-03,Covered Bonds,436535861.82,Level 2B
373,2025-03-04,Cash,1152429933.1,Level 1
374,2025-03-04,Government Bonds,3262520244.1,Level 1
375,2025-03-04,Treasury Bills,1488183316.0,Level 1
376,2025-03-04,Central Bank Reserves,840146583.66,Level 1
377,2025-03-04,Corporate Bonds,732835686.66,Level 2A
378,2025-03-04,Covered Bonds,419048906.67,Level 2B
379,2025-03-05,Cash,1195977108.24,Level 1
380,2025-03-05,Government Bonds,3385970174.26,Level 1
381,2025-03-05,Treasury Bills,1408425871.88,Level 1
382,2025-03-05,Central Bank Reserves,844004317.2,Level 1
383,2025-03-05,Corporate Bonds,719905204.73,Level 2A
384,2025-03-05,Covered Bonds,431038744.71,Level 2B
385,2025-03-06,Cash,1188799830.24,Level 1
386,2025-03-06,Government Bonds,3062889884.02,Level 1
387,2025-03-06,Treasury Bills,1395421869.33,Level 1
388,2025-03-06,Central Bank Reserves,879017336.53,Level 1
389,2025-03-06,Corporate Bonds,710405034.79,Level 2A
390,2025-03-06,Covered Bonds,440250320.29,Level 2B
391,2025-03-07,Cash,1128345340.81,Level 1
392,2025-03-07,Government Bonds,2961913638.99,Level 1
393,2025-03-07,Treasury Bills,1350425315.96,Level 1
394,2025-03-07,Central Bank Reserves,881750051.18,Level 1
395,2025-03-07,Corporate Bonds,680620780.6,Level 2A
396,2025-03-07,Covered Bonds,425029578.55,Level 2B
397,2025-03-08,Cash,1136198539.86,Level 1
398,2025-03-08,Government Bonds,3299850167.13,Level 1
399,2025-03-08,Treasury Bills,1373299564.38,Level 1
400,2025-03-08,Central Bank Reserves,879532881.48,Level 1
401,2025-03-08,Corporate Bonds,754549544.75,Level 2A
402,2025-03-08,Covered Bonds,435282949.75,Level 2B
403,2025-03-09,Cash,1137103494.0,Level 1
404,2025-03-09,Government Bonds,3247023936.67,Level 1
405,2025-03-09,Treasury Bills,1452314948.25,Level 1
406,2025-03-09,Central Bank Reserves,913409877.49,Level 1
407,2025-03-09,Corporate Bonds,779810366.16,Level 2A
408,2025-03-09,Covered Bonds,435532542.29,Level 2B
409,2025-03-10,Cash,1135385919.75,Level 1
410,2025-03-10,Government Bonds,3240542153.1,Level 1
411,2025-03-10,Treasury Bills,1458135022.86,Level 1
412,2025-03-10,Central Bank Reserves,919492243.71,Level 1
413,2025-03-10,Corporate Bonds,739647607.28,Level 2A
414,2025-03-10,Covered Bonds,432416926.29,Level 2B
415,2025-03-11,Cash,1093622412.58,Level 1
416,2025-03-11,Government Bonds,3030542899.81,Level 1
417,2025-03-11,Treasury Bills,1381152595.41,Level 1
418,2025-03-11,Central Bank Reserves,879653109.0,Level 1
419,2025-03-11,Corporate Bonds,712549045.12,Level 2A
420,2025-03-11,Covered Bonds,425921845.07,Level 2B
421,2025-03-12,Cash,1173998508.25,Level 1
422,2025-03-12,Government Bonds,3185701642.8,Level 1
423,2025-03-12,Treasury Bills,1355245768.49,Level 1
424,2025-03-12,Central Bank Reserves,867554651.62,Level 1
425,2025-03-12,Corporate Bonds,711326007.28,Level 2A
426,2025-03-12,Covered Bonds,407171075.7,Level 2B
427,2025-03-13,Cash,1155326935.52,Level 1
428,2025-03-13,Government Bonds,3075667575.04,Level 1
429,2025-03-13,Treasury Bills,1510836694.78,Level 1
430,2025-03-13,Central Bank Reserves,898194971.44,Level 1
431,2025-03-13,Corporate Bonds,735409538.03,Level 2A
432,2025-03-13,Covered Bonds,432275607.22,Level 2B
433,2025-03-14,Cash,1171279089.29,Level 1
434,2025-03-14,Government Bonds,3187527965.32,Level 1
435,2025-03-14,Treasury Bills,1379189219.05,Level 1
436,2025-03-14,Central Bank Reserves,866476133.2,Level 1
437,2025-03-14,Corporate Bonds,743258459.5,Level 2A
438,2025-03-14,Covered Bonds,430933402.04,Level 2B
439,2025-03-15,Cash,1161131724.08,Level 1
440,2025-03-15,Government Bonds,3011540505.59,Level 1
441,2025-03-15,Treasury Bills,1376961133.93,Level 1
442,2025-03-15,Central Bank Reserves,818225766.41,Level 1
443,2025-03-15,Corporate Bonds,693531612.28,Level 2A
444,2025-03-15,Covered Bonds,434174513.67,Level 2B
445,2025-03-16,Cash,1127075664.56,Level 1
446,2025-03-16,Government Bonds,3314378440.53,Level 1
447,2025-03-16,Treasury Bills,1506789957.87,Level 1
448,2025-03-16,Central Bank Reserves,903289765.23,Level 1
449,2025-03-16,Corporate Bonds,706883983.29,Level 2A
450,2025-03-16,Covered Bonds,433382415.26,Level 2B
451,2025-03-17,Cash,1226226913.05,Level 1
452,2025-03-17,Government Bonds,3127604263.62,Level 1
453,2025-03-17,Treasury Bills,1427314185.72,Level 1
454,2025-03-17,Central Bank Reserves,892087176.85,Level 1
455,2025-03-17,Corporate Bonds,776628848.88,Level 2A
456,2025-03-17,Covered Bonds,449390747.86,Level 2B
457,2025-03-18,Cash,1114088706.4,Level 1
458,2025-03-18,Government Bonds,3239587603.28,Level 1
459,2025-03-18,Treasury Bills,1496508516.48,Level 1
460,2025-03-18,Central Bank Reserves,859483719.02,Level 1
461,2025-03-18,Corporate Bonds,744884080.68,Level 2A
462,2025-03-18,Covered Bonds,455144989.04,Level 2B
463,2025-03-19,Cash,1142040282.08,Level 1
464,2025-03-19,Government Bonds,3066604817.52,Level 1
465,2025-03-19,Treasury Bills,1465936818.98,Level 1
466,2025-03-19,Central Bank Reserves,861167246.34,Level 1
467,2025-03-19,Corporate Bonds,721697641.2,Level 2A
468,2025-03-19,Covered Bonds,439997232.37,Level 2B
469,2025-03-20,Cash,1200609448.73,Level 1
470,2025-03-20,Government Bonds,3180559192.51,Level 1
471,2025-03-20,Treasury Bills,1391662450.78,Level 1
472,2025-03-20,Central Bank Reserves,881506502.05,Level 1
473,2025-03-20,Corporate Bonds,741603454.37,Level 2A
474,2025-03-20,Covered Bonds,424363714.62,Level 2B
475,2025-03-21,Cash,1232981952.82,Level 1
476,2025-03-21,Government Bonds,3185671468.65,Level 1
477,2025-03-21,Treasury Bills,1552687732.31,Level 1
478,2025-03-21,Central Bank Reserves,856716775.52,Level 1
479,2025-03-21,Corporate Bonds,718470446.51,Level 2A
480,2025-03-21,Covered Bonds,430291781.55,Level 2B
481,2025-03-22,Cash,1205742716.04,Level 1
482,2025-03-22,Government Bonds,3151807428.1,Level 1
483,2025-03-22,Treasury Bills,1475419446.39,Level 1
484,2025-03-22,Central Bank Reserves,900834315.99,Level 1
485,2025-03-22,Corporate Bonds,711225816.29,Level 2A
486,2025-03-22,Covered Bonds,462311487.23,Level 2B
487,2025-03-23,Cash,1181745794.13,Level 1
488,2025-03-23,Government Bonds,3399837566.48,Level 1
489,2025-03-23,Treasury Bills,1464271627.48,Level 1
490,2025-03-23,Central Bank Reserves,928732925.4,Level 1
491,2025-03-23,Corporate Bonds,750602721.51,Level 2A
492,2025-03-23,Covered Bonds,448888966.88,Level 2B
493,2025-03-24,Cash,1180166116.23,Level 1
494,2025-03-24,Government Bonds,3103396581.03,Level 1
495,2025-03-24,Treasury Bills,1372943534.44,Level 1
496,2025-03-24,Central Bank Reserves,811009573.57,Level 1
497,2025-03-24,Corporate Bonds,714714494.25,Level 2A
498,2025-03-24,Covered Bonds,427449417.76,Level 2B
499,2025-03-25,Cash,1221132753.71,Level 1
500,2025-03-25,Government Bonds,3096049152.51,Level 1
501,2025-03-25,Treasury Bills,1503092538.71,Level 1
502,2025-03-25,Central Bank Reserves,853897176.8,Level 1
503,2025-03-25,Corporate Bonds,760851487.27,Level 2A
504,2025-03-25,Covered Bonds,454787060.39,Level 2B
505,2025-03-26,Cash,1187287103.08,Level 1
506,2025-03-26,Government Bonds,3138440656.78,Level 1
507,2025-03-26,Treasury Bills,1449358169.35,Level 1
508,2025-03-26,Central Bank Reserves,900180334.57,Level 1
509,2025-03-26,Corporate Bonds,723814026.63,Level 2A
510,2025-03-26,Covered Bonds,429863801.09,Level 2B
511,2025-03-27,Cash,1197660877.28,Level 1
512,2025-03-27,Government Bonds,3136341884.14,Level 1
513,2025-03-27,Treasury Bills,1402208340.58,Level 1
514,2025-03-27,Central Bank Reserves,888136704.35,Level 1
515,2025-03-27,Corporate Bonds,748373455.1,Level 2A
516,2025-03-27,Covered Bonds,417482707.76,Level 2B
517,2025-03-28,Cash,1101012190.24,Level 1
518,2025-03-28,Government Bonds,3092462286.22,Level 1
519,2025-03-28,Treasury Bills,1420282300.21,Level 1
520,2025-03-28,Central Bank Reserves,877731449.39,Level 1
521,2025-03-28,Corporate Bonds,724471693.12,Level 2A
522,2025-03-28,Covered Bonds,433389005.17,Level 2B
523,2025-03-29,Cash,1188982385.2,Level 1
524,2025-03-29,Government Bonds,3152666300.54,Level 1
525,2025-03-29,Treasury Bills,1506011503.71,Level 1
526,2025-03-29,Central Bank Reserves,873860967.94,Level 1
527,2025-03-29,Corporate Bonds,691722505.13,Level 2A
528,2025-03-29,Covered Bonds,438742828.6,Level 2B
529,2025-03-30,Cash,1169214382.66,Level 1
530,2025-03-30,Government Bonds,3020681065.01,Level 1
531,2025-03-30,Treasury Bills,1388136556.53,Level 1
532,2025-03-30,Central Bank Reserves,891494798.3,Level 1
533,2025-03-30,Corporate Bonds,697820103.68,Level 2A
534,2025-03-30,Covered Bonds,444942651.72,Level 2B
535,2025-03-31,Cash,1160992416.64,Level 1
536,2025-03-31,Government Bonds,3208867256.96,Level 1
537,2025-03-31,Treasury Bills,1432607658.0,Level 1
538,2025-03-31,Central Bank Reserves,841764557.6,Level 1
539,2025-03-31,Corporate Bonds,694841131.35,Level 2A
540,2025-03-31,Covered Bonds,409201767.5,Level 2B
541,2025-04-01,Cash,1163912557.54,Level 1
542,2025-04-01,Government Bonds,3290649854.41,Level 1
543,2025-04-01,Treasury Bills,1486134835.86,Level 1
544,2025-04-01,Central Bank Reserves,882641347.07,Level 1
545,2025-04-01,Corporate Bonds,737138103.38,Level 2A
546,2025-04-01,Covered Bonds,436975421.62,Level 2B
547,2025-04-02,Cash,1189871223.25,Level 1
548,2025-04-02,Government Bonds,3197799173.49,Level 1
549,2025-04-02,Treasury Bills,1437782798.9,Level 1
550,2025-04-02,Central Bank Reserves,824129827.68,Level 1
551,2025-04-02,Corporate Bonds,710789213.18,Level 2A
552,2025-04-02,Covered Bonds,427043873.68,Level 2B
553,2025-04-03,Cash,1190903184.22,Level 1
554,2025-04-03,Government Bonds,3220790715.22,Level 1
555,2025-04-03,Treasury Bills,1552365350.89,Level 1
556,2025-04-03,Central Bank Reserves,854422104.75,Level 1
557,2025-04-03,Corporate Bonds,735120451.36,Level 2A
558,2025-04-03,Covered Bonds,424157415.01,Level 2B
559,2025-04-04,Cash,1225892282.94,Level 1
560,2025-04-04,Government Bonds,3164739539.98,Level 1
561,2025-04-04,Treasury Bills,1523579120.15,Level 1
562,2025-04-04,Central Bank Reserves,864185776.15,Level 1
563,2025-04-04,Corporate Bonds,765645338.7,Level 2A
564,2025-04-04,Covered Bonds,452467858.54,Level 2B
565,2025-04-05,Cash,1124287409.17,Level 1
566,2025-04-05,Government Bonds,3398696583.23,Level 1
567,2025-04-05,Treasury Bills,1509995471.07,Level 1
568,2025-04-05,Central Bank Reserves,868618718.28,Level 1
569,2025-04-05,Corporate Bonds,762581448.79,Level 2A
570,2025-04-05,Covered Bonds,433280372.12,Level 2B
571,2025-04-06,Cash,1139997883.98,Level 1
572,2025-04-06,Government Bonds,3327774111.04,Level 1
573,2025-04-06,Treasury Bills,1488462846.62,Level 1
574,2025-04-06,Central Bank Reserves,853571196.17,Level 1
575,2025-04-06,Corporate Bonds,722083580.78,Level 2A
576,2025-04-06,Covered Bonds,423044074.76,Level 2B
577,2025-04-07,Cash,1134816220.6,Level 1
578,2025-04-07,Government Bonds,3215339429.83,Level 1
579,2025-04-07,Treasury Bills,1417937389.39,Level 1
580,2025-04-07,Central Bank Reserves,850995269.93,Level 1
581,2025-04-07,Corporate Bonds,741239873.34,Level 2A
582,2025-04-07,Covered Bonds,414565890.68,Level 2B
583,2025-04-08,Cash,1229891901.54,Level 1
584,2025-04-08,Government Bonds,3321937806.78,Level 1
585,2025-04-08,Treasury Bills,1498895751.23,Level 1
586,2025-04-08,Central Bank Reserves,925986492.13,Level 1
587,2025-04-08,Corporate Bonds,719160882.11,Level 2A
588,2025-04-08,Covered Bonds,426757980.45,Level 2B
589,2025-04-09,Cash,1175506915.02,Level 1
590,2025-04-09,Government Bonds,2994022091.12,Level 1
591,2025-04-09,Treasury Bills,1439156713.93,Level 1
592,2025-04-09,Central Bank Reserves,898831820.19,Level 1
593,2025-04-09,Corporate Bonds,739053609.01,Level 2A
594,2025-04-09,Covered Bonds,429119522.45,Level 2B
595,2025-04-10,Cash,1167062333.95,Level 1
596,2025-04-10,Government Bonds,3137228354.26,Level 1
597,2025-04-10,Treasury Bills,1357663882.82,Level 1
598,2025-04-10,Central Bank Reserves,812812748.87,Level 1
599,2025-04-10,Corporate Bonds,734938785.88,Level 2A
600,2025-04-10,Covered Bonds,430778537.46,Level 2B
601,2025-04-11,Cash,1227748471.2,Level 1
602,2025-04-11,Government Bonds,3276373222.48,Level 1
603,2025-04-11,Treasury Bills,1481227652.77,Level 1
604,2025-04-11,Central Bank Reserves,881016368.89,Level 1
605,2025-04-11,Corporate Bonds,725790398.12,Level 2A
606,2025-04-11,Covered Bonds,440693099.01,Level 2B
607,2025-04-12,Cash,1191079428.73,Level 1
608,2025-04-12,Government Bonds,3369693124.91,Level 1
609,2025-04-12,Treasury Bills,1465482720.69,Level 1
610,2025-04-12,Central Bank Reserves,893766412.19,Level 1
611,2025-04-12,Corporate Bonds,746589999.36,Level 2A
612,2025-04-12,Covered Bonds,446202633.08,Level 2B
613,2025-04-13,Cash,1143275287.2,Level 1
614,2025-04-13,Government Bonds,3232776101.01,Level 1
615,2025-04-13,Treasury Bills,1409544017.1,Level 1
616,2025-04-13,Central Bank Reserves,870407810.51,Level 1
617,2025-04-13,Corporate Bonds,732909560.66,Level 2A
618,2025-04-13,Covered Bonds,446991004.24,Level 2B
619,2025-04-14,Cash,1203348096.14,Level 1
620,2025-04-14,Government Bonds,3356038653.1,Level 1
621,2025-04-14,Treasury Bills,1490129340.77,Level 1
622,2025-04-14,Central Bank Reserves,905500153.79,Level 1
623,2025-04-14,Corporate Bonds,712649795.09,Level 2A
624,2025-04-14,Covered Bonds,435786086.73,Level 2B
625,2025-04-15,Cash,1147220652.17,Level 1
626,2025-04-15,Government Bonds,3019821996.45,Level 1
627,2025-04-15,Treasury Bills,1386217360.4,Level 1
628,2025-04-15,Central Bank Reserves,843532521.44,Level 1
629,2025-04-15,Corporate Bonds,752893367.24,Level 2A
630,2025-04-15,Covered Bonds,424118770.64,Level 2B
631,2025-04-16,Cash,1123535378.36,Level 1
632,2025-04-16,Government Bonds,3221863422.3,Level 1
633,2025-04-16,Treasury Bills,1416670904.97,Level 1
634,2025-04-16,Central Bank Reserves,843598365.74,Level 1
635,2025-04-16,Corporate Bonds,725419006.91,Level 2A
636,2025-04-16,Covered Bonds,413043952.23,Level 2B
637,2025-04-17,Cash,1094108053.73,Level 1
638,2025-04-17,Government Bonds,2952346628.9,Level 1
639,2025-04-17,Treasury Bills,1352009457.46,Level 1
640,2025-04-17,Central Bank Reserves,830695066.12,Level 1
641,2025-04-17,Corporate Bonds,724872811.1,Level 2A
642,2025-04-17,Covered Bonds,425191564.96,Level 2B
643,2025-04-18,Cash,1136908169.67,Level 1
644,2025-04-18,Government Bonds,3330258722.37,Level 1
645,2025-04-18,Treasury Bills,1436157923.25,Level 1
646,2025-04-18,Central Bank Reserves,834711022.3,Level 1
647,2025-04-18,Corporate Bonds,734044819.4,Level 2A
648,2025-04-18,Covered Bonds,418519830.19,Level 2B
649,2025-04-19,Cash,1150079331.14,Level 1
650,2025-04-19,Government Bonds,3278644087.23,Level 1
651,2025-04-19,Treasury Bills,1435607357.48,Level 1
652,2025-04-19,Central Bank Reserves,879353748.72,Level 1
653,2025-04-19,Corporate Bonds,753664624.15,Level 2A
654,2025-04-19,Covered Bonds,415078967.2,Level 2B
655,2025-04-20,Cash,1132257429.8,Level 1
656,2025-04-20,Government Bonds,3122283851.58,Level 1
657,2025-04-20,Treasury Bills,1417674082.71,Level 1
658,2025-04-20,Central Bank Reserves,893223832.49,Level 1
659,2025-04-20,Corporate Bonds,730508453.67,Level 2A
660,2025-04-20,Covered Bonds,433750926.68,Level 2B
661,2025-04-21,Cash,1183862431.7,Level 1
662,2025-04-21,Government Bonds,3297017904.77,Level 1
663,2025-04-21,Treasury Bills,1479456483.77,Level 1
664,2025-04-21,Central Bank Reserves,817181399.83,Level 1
665,2025-04-21,Corporate Bonds,726483704.64,Level 2A
666,2025-04-21,Covered Bonds,410722343.88,Level 2B
667,2025-04-22,Cash,1092777433.28,Level 1
668,2025-04-22,Government Bonds,3176235223.07,Level 1
669,2025-04-22,Treasury Bills,1455573881.61,Level 1
670,2025-04-22,Central Bank Reserves,824295306.47,Level 1
671,2025-04-22,Corporate Bonds,706156714.38,Level 2A
672,2025-04-22,Covered Bonds,426797523.35,Level 2B
673,2025-04-23,Cash,1107270384.76,Level 1
674,2025-04-23,Government Bonds,3139284236.63,Level 1
675,2025-04-23,Treasury Bills,1474742278.07,Level 1
676,2025-04-23,Central Bank Reserves,826135469.36,Level 1
677,2025-04-23,Corporate Bonds,689105995.06,Level 2A
678,2025-04-23,Covered Bonds,425314470.11,Level 2B
679,2025-04-24,Cash,1210816798.14,Level 1
680,2025-04-24,Government Bonds,3333052605.78,Level 1
681,2025-04-24,Treasury Bills,1467877892.22,Level 1
682,2025-04-24,Central Bank Reserves,901422534.8,Level 1
683,2025-04-24,Corporate Bonds,707758293.01,Level 2A
684,2025-04-24,Covered Bonds,452606124.78,Level 2B
685,2025-04-25,Cash,1202147108.89,Level 1
686,2025-04-25,Government Bonds,3391269045.62,Level 1
687,2025-04-25,Treasury Bills,1519237374.2,Level 1
688,2025-04-25,Central Bank Reserves,857743569.61,Level 1
689,2025-04-25,Corporate Bonds,772879376.84,Level 2A
690,2025-04-25,Covered Bonds,426459428.67,Level 2B
691,2025-04-26,Cash,1120767438.8,Level 1
692,2025-04-26,Government Bonds,3040418325.26,Level 1
693,2025-04-26,Treasury Bills,1441627097.63,Level 1
694,2025-04-26,Central Bank Reserves,853905302.26,Level 1
695,2025-04-26,Corporate Bonds,725460552.31,Level 2A
696,2025-04-26,Covered Bonds,439251590.27,Level 2B
697,2025-04-27,Cash,1085709803.38,Level 1
698,2025-04-27,Government Bonds,3120866468.58,Level 1
699,2025-04-27,Treasury Bills,1388187108.0,Level 1
700,2025-04-27,Central Bank Reserves,865575454.61,Level 1
701,2025-04-27,Corporate Bonds,715891535.6,Level 2A
702,2025-04-27,Covered Bonds,437713819.72,Level 2B
703,2025-04-28,Cash,1165175630.87,Level 1
704,2025-04-28,Government Bonds,3282656742.69,Level 1
705,2025-04-28,Treasury Bills,1433800979.83,Level 1
706,2025-04-28,Central Bank Reserves,863002781.32,Level 1
707,2025-04-28,Corporate Bonds,754566841.99,Level 2A
708,2025-04-28,Covered Bonds,437666392.57,Level 2B
709,2025-04-29,Cash,1218837850.35,Level 1
710,2025-04-29,Government Bonds,3363214421.3,Level 1
711,2025-04-29,Treasury Bills,1537452745.96,Level 1
712,2025-04-29,Central Bank Reserves,879463674.31,Level 1
713,2025-04-29,Corporate Bonds,724612286.52,Level 2A
714,2025-04-29,Covered Bonds,446427386.5,Level 2B
715,2025-04-30,Cash,1162667576.89,Level 1
716,2025-04-30,Government Bonds,3230417366.67,Level 1
717,2025-04-30,Treasury Bills,1465899564.19,Level 1
718,2025-04-30,Central Bank Reserves,852445662.34,Level 1
719,2025-04-30,Corporate Bonds,695430056.57,Level 2A
720,2025-04-30,Covered Bonds,428638985.29,Level 2B
721,2025-05-01,Cash,1179405424.67,Level 1
722,2025-05-01,Government Bonds,3073481742.62,Level 1
723,2025-05-01,Treasury Bills,1369876787.44,Level 1
724,2025-05-01,Central Bank Reserves,810942721.89,Level 1
725,2025-05-01,Corporate Bonds,719798255.95,Level 2A
726,2025-05-01,Covered Bonds,431499251.48,Level 2B
727,2025-05-02,Cash,1099699769.79,Level 1
728,2025-05-02,Government Bonds,3130938962.4,Level 1
729,2025-05-02,Treasury Bills,1409020892.24,Level 1
730,2025-05-02,Central Bank Reserves,876941660.59,Level 1
731,2025-05-02,Corporate Bonds,725661932.48,Level 2A
732,2025-05-02,Covered Bonds,425005928.06,Level 2B
733,2025-05-03,Cash,1196019250.93,Level 1
734,2025-05-03,Government Bonds,3121579521.97,Level 1
735,2025-05-03,Treasury Bills,1452294328.4,Level 1
736,2025-05-03,Central Bank Reserves,824531421.52,Level 1
737,2025-05-03,Corporate Bonds,711701263.19,Level 2A
738,2025-05-03,Covered Bonds,407432717.9,Level 2B
739,2025-05-04,Cash,1214223313.07,Level 1
740,2025-05-04,Government Bonds,3154093960.92,Level 1
741,2025-05-04,Treasury Bills,1383607138.05,Level 1
742,2025-05-04,Central Bank Reserves,829464554.6,Level 1
743,2025-05-04,Corporate Bonds,717113679.68,Level 2A
744,2025-05-04,Covered Bonds,420348622.8,Level 2B
745,2025-05-05,Cash,1155696104.3,Level 1
746,2025-05-05,Government Bonds,3085916827.36,Level 1
747,2025-05-05,Treasury Bills,1378846091.84,Level 1
748,2025-05-05,Central Bank Reserves,878930768.56,Level 1
749,2025-05-05,Corporate Bonds,677231795.34,Level 2A
750,2025-05-05,Covered Bonds,441824772.49,Level 2B
751,2025-05-06,Cash,1191604007.69,Level 1
752,2025-05-06,Government Bonds,3186865460.97,Level 1
753,2025-05-06,Treasury Bills,1480658899.12,Level 1
754,2025-05-06,Central Bank Reserves,901928185.7,Level 1
755,2025-05-06,Corporate Bonds,701738178.24,Level 2A
756,2025-05-06,Covered Bonds,449980022.05,Level 2B
757,2025-05-07,Cash,1139115385.77,Level 1
758,2025-05-07,Government Bonds,3118267952.74,Level 1
759,2025-05-07,Treasury Bills,1446349214.2,Level 1
760,2025-05-07,Central Bank Reserves,834341098.95,Level 1
761,2025-05-07,Corporate Bonds,724060723.12,Level 2A
762,2025-05-07,Covered Bonds,433917606.95,Level 2B
763,2025-05-08,Cash,1217539951.11,Level 1
764,2025-05-08,Government Bonds,3220830242.04,Level 1
765,2025-05-08,Treasury Bills,1443673386.11,Level 1
766,2025-05-08,Central Bank Reserves,862404390.81,Level 1
767,2025-05-08,Corporate Bonds,713905050.23,Level 2A
768,2025-05-08,Covered Bonds,422290931.07,Level 2B
769,2025-05-09,Cash,1122635049.28,Level 1
770,2025-05-09,Government Bonds,3307225186.3,Level 1
771,2025-05-09,Treasury Bills,1444581652.33,Level 1
772,2025-05-09,Central Bank Reserves,848614489.55,Level 1
773,2025-05-09,Corporate Bonds,723925239.58,Level 2A
774,2025-05-09,Covered Bonds,415341314.96,Level 2B
775,2025-05-10,Cash,1170699463.58,Level 1
776,2025-05-10,Government Bonds,3175760272.39,Level 1
777,2025-05-10,Treasury Bills,1430937548.26,Level 1
778,2025-05-10,Central Bank Reserves,909899644.56,Level 1
779,2025-05-10,Corporate Bonds,750046151.05,Level 2A
780,2025-05-10,Covered Bonds,438889678.11,Level 2B
781,2025-05-11,Cash,1178883542.89,Level 1
782,2025-05-11,Government Bonds,3107600766.84,Level 1
783,2025-05-11,Treasury Bills,1440767510.12,Level 1
784,2025-05-11,Central Bank Reserves,833387692.97,Level 1
785,2025-05-11,Corporate Bonds,726237622.93,Level 2A
786,2025-05-11,Covered Bonds,438690109.2,Level 2B
787,2025-05-12,Cash,1193999457.35,Level 1
788,2025-05-12,Government Bonds,3266373705.61,Level 1
789,2025-05-12,Treasury Bills,1457998832.76,Level 1
790,2025-05-12,Central Bank Reserves,858645725.64,Level 1
791,2025-05-12,Corporate Bonds,739541727.32,Level 2A
792,2025-05-12,Covered Bonds,412090093.61,Level 2B
793,2025-05-13,Cash,1135940103.23,Level 1
794,2025-05-13,Government Bonds,3341092692.43,Level 1
795,2025-05-13,Treasury Bills,1442193916.56,Level 1
796,2025-05-13,Central Bank Reserves,918543335.02,Level 1
797,2025-05-13,Corporate Bonds,770391371.66,Level 2A
798,2025-05-13,Covered Bonds,427038636.67,Level 2B
799,2025-05-14,Cash,1213071808.14,Level 1
800,2025-05-14,Government Bonds,3177574936.43,Level 1
801,2025-05-14,Treasury Bills,1499349116.44,Level 1
802,2025-05-14,Central Bank Reserves,875754021.15,Level 1
803,2025-05-14,Corporate Bonds,714358048.72,Level 2A
804,2025-05-14,Covered Bonds,424728286.21,Level 2B
805,2025-05-15,Cash,1169172155.56,Level 1
806,2025-05-15,Government Bonds,3097647806.41,Level 1
807,2025-05-15,Treasury Bills,1425786238.16,Level 1
808,2025-05-15,Central Bank Reserves,853852451.29,Level 1
809,2025-05-15,Corporate Bonds,717593168.43,Level 2A
810,2025-05-15,Covered Bonds,442873556.94,Level 2B
811,2025-05-16,Cash,1182430008.28,Level 1
812,2025-05-16,Government Bonds,3389505663.09,Level 1
813,2025-05-16,Treasury Bills,1531287222.71,Level 1
814,2025-05-16,Central Bank Reserves,901676130.43,Level 1
815,2025-05-16,Corporate Bonds,779929272.51,Level 2A
816,2025-05-16,Covered Bonds,434142114.78,Level 2B
817,2025-05-17,Cash,1172901770.17,Level 1
818,2025-05-17,Government Bonds,3096257040.59,Level 1
819,2025-05-17,Treasury Bills,1465136983.76,Level 1
820,2025-05-17,Central Bank Reserves,883000676.8,Level 1
821,2025-05-17,Corporate Bonds,677024859.81,Level 2A
822,2025-05-17,Covered Bonds,441091447.89,Level 2B
823,2025-05-18,Cash,1157609422.42,Level 1
824,2025-05-18,Government Bonds,3220366056.31,Level 1
825,2025-05-18,Treasury Bills,1507137523.85,Level 1
826,2025-05-18,Central Bank Reserves,825595085.14,Level 1
827,2025-05-18,Corporate Bonds,721078236.23,Level 2A
828,2025-05-18,Covered Bonds,441791714.88,Level 2B
829,2025-05-19,Cash,1198132599.37,Level 1
830,2025-05-19,Government Bonds,3114452657.08,Level 1
831,2025-05-19,Treasury Bills,1439899184.45,Level 1
832,2025-05-19,Central Bank Reserves,869169306.42,Level 1
833,2025-05-19,Corporate Bonds,757054381.45,Level 2A
834,2025-05-19,Covered Bonds,431060106.87,Level 2B
835,2025-05-20,Cash,1192007967.1,Level 1
836,2025-05-20,Government Bonds,2980675794.57,Level 1
837,2025-05-20,Treasury Bills,1495762407.14,Level 1
838,2025-05-20,Central Bank Reserves,870015230.72,Level 1
839,2025-05-20,Corporate Bonds,735816333.4,Level 2A
840,2025-05-20,Covered Bonds,418670417.99,Level 2B
841,2025-05-21,Cash,1152985121.52,Level 1
842,2025-05-21,Government Bonds,3200525860.55,Level 1
843,2025-05-21,Treasury Bills,1441598346.71,Level 1
844,2025-05-21,Central Bank Reserves,814480704.96,Level 1
845,2025-05-21,Corporate Bonds,721710814.54,Level 2A
846,2025-05-21,Covered Bonds,433680873.27,Level 2B
847,2025-05-22,Cash,1202197511.59,Level 1
848,2025-05-22,Government Bonds,3331743280.62,Level 1
849,2025-05-22,Treasury Bills,1480422315.86,Level 1
850,2025-05-22,Central Bank Reserves,842143961.91,Level 1
851,2025-05-22,Corporate Bonds,730990996.14,Level 2A
852,2025-05-22,Covered Bonds,420590888.72,Level 2B
853,2025-05-23,Cash,1142849124.72,Level 1
854,2025-05-23,Government Bonds,3034628876.85,Level 1
855,2025-05-23,Treasury Bills,1420156826.2,Level 1
856,2025-05-23,Central Bank Reserves,831518323.0,Level 1
857,2025-05-23,Corporate Bonds,743201206.13,Level 2A
858,2025-05-23,Covered Bonds,451953269.44,Level 2B
859,2025-05-24,Cash,1181671859.6,Level 1
860,2025-05-24,Government Bonds,3115158499.61,Level 1
861,2025-05-24,Treasury Bills,1384474342.03,Level 1
862,2025-05-24,Central Bank Reserves,811806579.36,Level 1
863,2025-05-24,Corporate Bonds,706439864.71,Level 2A
864,2025-05-24,Covered Bonds,436320132.04,Level 2B
865,2025-05-25,Cash,1121591167.06,Level 1
866,2025-05-25,Government Bonds,3091699175.92,Level 1
867,2025-05-25,Treasury Bills,1453758160.93,Level 1
868,2025-05-25,Central Bank Reserves,862778897.88,Level 1
869,2025-05-25,Corporate Bonds,714365049.98,Level 2A
870,2025-05-25,Covered Bonds,430760286.63,Level 2B
871,2025-05-26,Cash,1231819485.77,Level 1
872,2025-05-26,Government Bonds,3217263130.47,Level 1
873,2025-05-26,Treasury Bills,1536361348.8,Level 1
874,2025-05-26,Central Bank Reserves,870029142.28,Level 1
875,2025-05-26,Corporate Bonds,736462074.13,Level 2A
876,2025-05-26,Covered Bonds,430786151.32,Level 2B
877,2025-05-27,Cash,1225807248.08,Level 1
878,2025-05-27,Government Bonds,3250179675.18,Level 1
879,2025-05-27,Treasury Bills,1441430686.55,Level 1
880,2025-05-27,Central Bank Reserves,890301359.51,Level 1
881,2025-05-27,Corporate Bonds,703542034.87,Level 2A
882,2025-05-27,Covered Bonds,455715593.62,Level 2B
883,2025-05-28,Cash,1154338125.88,Level 1
884,2025-05-28,Government Bonds,3217986204.02,Level 1
885,2025-05-28,Treasury Bills,1468365311.82,Level 1
886,2025-05-28,Central Bank Reserves,832898583.72,Level 1
887,2025-05-28,Corporate Bonds,738376350.24,Level 2A
888,2025-05-28,Covered Bonds,423852441.99,Level 2B
889,2025-05-29,Cash,1212785429.26,Level 1
890,2025-05-29,Government Bonds,3329158024.09,Level 1
891,2025-05-29,Treasury Bills,1476324243.97,Level 1
892,2025-05-29,Central Bank Reserves,882945634.44,Level 1
893,2025-05-29,Corporate Bonds,708083073.53,Level 2A
894,2025-05-29,Covered Bonds,452715479.05,Level 2B
895,2025-05-30,Cash,1143712019.48,Level 1
896,2025-05-30,Government Bonds,3078375040.33,Level 1
897,2025-05-30,Treasury Bills,1377745948.33,Level 1
898,2025-05-30,Central Bank Reserves,869184495.47,Level 1
899,2025-05-30,Corporate Bonds,683188539.07,Level 2A
900,2025-05-30,Covered Bonds,439701505.42,Level 2B
901,2025-05-31,Cash,1089954292.29,Level 1
902,2025-05-31,Government Bonds,3158597451.88,Level 1
903,2025-05-31,Treasury Bills,1369142721.63,Level 1
904,2025-05-31,Central Bank Reserves,841217912.9,Level 1
905,2025-05-31,Corporate Bonds,731906585.62,Level 2A
906,2025-05-31,Covered Bonds,411424216.7,Level 2B
907,2025-06-01,Cash,1124889194.02,Level 1
908,2025-06-01,Government Bonds,3172541838.25,Level 1
909,2025-06-01,Treasury Bills,1515164744.74,Level 1
910,2025-06-01,Central Bank Reserves,871403523.02,Level 1
911,2025-06-01,Corporate Bonds,710310766.97,Level 2A
912,2025-06-01,Covered Bonds,437653123.01,Level 2B
913,2025-06-02,Cash,1183226278.27,Level 1
914,2025-06-02,Government Bonds,3087331535.5,Level 1
915,2025-06-02,Treasury Bills,1471342259.06,Level 1
916,2025-06-02,Central Bank Reserves,891637728.95,Level 1
917,2025-06-02,Corporate Bonds,710279973.32,Level 2A
918,2025-06-02,Covered Bonds,446594123.46,Level 2B
919,2025-06-03,Cash,1204898171.93,Level 1
920,2025-06-03,Government Bonds,3036466436.45,Level 1
921,2025-06-03,Treasury Bills,1466244852.52,Level 1
922,2025-06-03,Central Bank Reserves,863061785.42,Level 1
923,2025-06-03,Corporate Bonds,711577831.81,Level 2A
924,2025-06-03,Covered Bonds,437528473.61,Level 2B
925,2025-06-04,Cash,1115991360.98,Level 1
926,2025-06-04,Government Bonds,3121476791.97,Level 1
927,2025-06-04,Treasury Bills,1499005093.56,Level 1
928,2025-06-04,Central Bank Reserves,895293927.54,Level 1
929,2025-06-04,Corporate Bonds,768069508.44,Level 2A
930,2025-06-04,Covered Bonds,451814703.56,Level 2B
931,2025-06-05,Cash,1215503924.76,Level 1
932,2025-06-05,Government Bonds,3210114187.76,Level 1
933,2025-06-05,Treasury Bills,1430447490.01,Level 1
934,2025-06-05,Central Bank Reserves,918712152.46,Level 1
935,2025-06-05,Corporate Bonds,755342087.97,Level 2A
936,2025-06-05,Covered Bonds,426579692.48,Level 2B
937,2025-06-06,Cash,1202803345.73,Level 1
938,2025-06-06,Government Bonds,3163340550.13,Level 1
939,2025-06-06,Treasury Bills,1428152021.63,Level 1
940,2025-06-06,Central Bank Reserves,859045401.95,Level 1
941,2025-06-06,Corporate Bonds,697983419.27,Level 2A
942,2025-06-06,Covered Bonds,425684036.2,Level 2B
943,2025-06-07,Cash,1099417795.96,Level 1
944,2025-06-07,Government Bonds,3249769612.56,Level 1
945,2025-06-07,Treasury Bills,1426661465.04,Level 1
946,2025-06-07,Central Bank Reserves,891014956.78,Level 1
947,2025-06-07,Corporate Bonds,744538700.32,Level 2A
948,2025-06-07,Covered Bonds,419171728.15,Level 2B
949,2025-06-08,Cash,1167706135.22,Level 1
950,2025-06-08,Government Bonds,3342532391.29,Level 1
951,2025-06-08,Treasury Bills,1422083007.44,Level 1
952,2025-06-08,Central Bank Reserves,893829653.32,Level 1
953,2025-06-08,Corporate Bonds,739730660.33,Level 2A
954,2025-06-08,Covered Bonds,430118471.99,Level 2B
955,2025-06-09,Cash,1151914099.08,Level 1
956,2025-06-09,Government Bonds,3194898447.34,Level 1
957,2025-06-09,Treasury Bills,1392233150.92,Level 1
958,2025-06-09,Central Bank Reserves,863356264.49,Level 1
959,2025-06-09,Corporate Bonds,701754905.71,Level 2A
960,2025-06-09,Covered Bonds,434587562.33,Level 2B
961,2025-06-10,Cash,1183513423.28,Level 1
962,2025-06-10,Government Bonds,3065837352.02,Level 1
963,2025-06-10,Treasury Bills,1405006678.35,Level 1
964,2025-06-10,Central Bank Reserves,816546875.36,Level 1
965,2025-06-10,Corporate Bonds,684258802.54,Level 2A
966,2025-06-10,Covered Bonds,427827059.09,Level 2B
967,2025-06-11,Cash,1182197498.78,Level 1
968,2025-06-11,Government Bonds,2992863207.14,Level 1
969,2025-06-11,Treasury Bills,1412493664.96,Level 1
970,2025-06-11,Central Bank Reserves,843914727.18,Level 1
971,2025-06-11,Corporate Bonds,680527480.92,Level 2A
972,2025-06-11,Covered Bonds,412822046.01,Level 2B
973,2025-06-12,Cash,1153166110.69,Level 1
974,2025-06-12,Government Bonds,3143097834.84,Level 1
975,2025-06-12,Treasury Bills,1446949632.34,Level 1
976,2025-06-12,Central Bank Reserves,873725719.39,Level 1
977,2025-06-12,Corporate Bonds,685897032.65,Level 2A
978,2025-06-12,Covered Bonds,431192305.94,Level 2B
979,2025-06-13,Cash,1194528688.93,Level 1
980,2025-06-13,Government Bonds,3336924782.14,Level 1
981,2025-06-13,Treasury Bills,1462286045.01,Level 1
982,2025-06-13,Central Bank Reserves,918694823.11,Level 1
983,2025-06-13,Corporate Bonds,765499294.63,Level 2A
984,2025-06-13,Covered Bonds,448049470.79,Level 2B
985,2025-06-14,Cash,1148453813.83,Level 1
986,2025-06-14,Government Bonds,3122614307.14,Level 1
987,2025-06-14,Treasury Bills,1531704955.01,Level 1
988,2025-06-14,Central Bank Reserves,922333671.0,Level 1
989,2025-06-14,Corporate Bonds,717385203.68,Level 2A
990,2025-06-14,Covered Bonds,436935575.05,Level 2B
991,2025-06-15,Cash,1103139479.04,Level 1
992,2025-06-15,Government Bonds,3182269575.02,Level 1
993,2025-06-15,Treasury Bills,1410555946.51,Level 1
994,2025-06-15,Central Bank Reserves,831983102.49,Level 1
995,2025-06-15,Corporate Bonds,694983800.66,Level 2A
996,2025-06-15,Covered Bonds,401344889.1,Level 2B
997,2025-06-16,Cash,1162851256.85,Level 1
998,2025-06-16,Government Bonds,3301132821.79,Level 1
999,2025-06-16,Treasury Bills,1482301977.68,Level 1
1000,2025-06-16,Central Bank Reserves,818600212.37,Level 1
1001,2025-06-16,Corporate Bonds,744839873.23,Level 2A
1002,2025-06-16,Covered Bonds,441945947.74,Level 2B
1003,2025-06-17,Cash,1174559718.42,Level 1
1004,2025-06-17,Government Bonds,3210580334.21,Level 1
1005,2025-06-17,Treasury Bills,1445334761.23,Level 1
1006,2025-06-17,Central Bank Reserves,846215453.29,Level 1
1007,2025-06-17,Corporate Bonds,717161971.26,Level 2A
1008,2025-06-17,Covered Bonds,431109644.13,Level 2B
1009,2025-06-18,Cash,1187567892.54,Level 1
1010,2025-06-18,Government Bonds,3178605668.25,Level 1
1011,2025-06-18,Treasury Bills,1384563401.82,Level 1
1012,2025-06-18,Central Bank Reserves,908958485.29,Level 1
1013,2025-06-18,Corporate Bonds,756374200.48,Level 2A
1014,2025-06-18,Covered Bonds,446978304.5,Level 2B
1015,2025-06-19,Cash,1199508486.22,Level 1
1016,2025-06-19,Government Bonds,3436015145.08,Level 1
1017,2025-06-19,Treasury Bills,1429394159.69,Level 1
1018,2025-06-19,Central Bank Reserves,883617048.72,Level 1
1019,2025-06-19,Corporate Bonds,725875969.52,Level 2A
1020,2025-06-19,Covered Bonds,434202344.13,Level 2B
1021,2025-06-20,Cash,1148893832.16,Level 1
1022,2025-06-20,Government Bonds,3209057259.77,Level 1
1023,2025-06-20,Treasury Bills,1429858440.85,Level 1
1024,2025-06-20,Central Bank Reserves,821197617.62,Level 1
1025,2025-06-20,Corporate Bonds,731445268.48,Level 2A
1026,2025-06-20,Covered Bonds,431411528.6,Level 2B
1027,2025-06-21,Cash,1172279910.21,Level 1
1028,2025-06-21,Government Bonds,3092518529.94,Level 1
1029,2025-06-21,Treasury Bills,1417973908.2,Level 1
1030,2025-06-21,Central Bank Reserves,900239800.41,Level 1
1031,2025-06-21,Corporate Bonds,705048700.07,Level 2A
1032,2025-06-21,Covered Bonds,430784374.64,Level 2B
1033,2025-06-22,Cash,1211813542.68,Level 1
1034,2025-06-22,Government Bonds,3121746682.4,Level 1
1035,2025-06-22,Treasury Bills,1431604086.53,Level 1
1036,2025-06-22,Central Bank Reserves,846545287.09,Level 1
1037,2025-06-22,Corporate Bonds,751685158.46,Level 2A
1038,2025-06-22,Covered Bonds,442853195.2,Level 2B
1039,2025-06-23,Cash,1186500240.61,Level 1
1040,2025-06-23,Government Bonds,3129254040.95,Level 1
1041,2025-06-23,Treasury Bills,1381577685.86,Level 1
1042,2025-06-23,Central Bank Reserves,850960505.64,Level 1
1043,2025-06-23,Corporate Bonds,721827671.36,Level 2A
1044,2025-06-23,Covered Bonds,407425477.33,Level 2B
1045,2025-06-24,Cash,1179446041.72,Level 1
1046,2025-06-24,Government Bonds,3134185335.75,Level 1
1047,2025-06-24,Treasury Bills,1437061622.73,Level 1
1048,2025-06-24,Central Bank Reserves,852473542.82,Level 1
1049,2025-06-24,Corporate Bonds,682579357.37,Level 2A
1050,2025-06-24,Covered Bonds,414776431.83,Level 2B
1051,2025-06-25,Cash,1122585439.53,Level 1
1052,2025-06-25,Government Bonds,3036489051.52,Level 1
1053,2025-06-25,Treasury Bills,1494928506.86,Level 1
1054,2025-06-25,Central Bank Reserves,908884233.71,Level 1
1055,2025-06-25,Corporate Bonds,743814475.9,Level 2A
1056,2025-06-25,Covered Bonds,448917995.18,Level 2B
1057,2025-06-26,Cash,1194647125.46,Level 1
1058,2025-06-26,Government Bonds,3045430472.37,Level 1
1059,2025-06-26,Treasury Bills,1491995963.67,Level 1
1060,2025-06-26,Central Bank Reserves,898914022.87,Level 1
1061,2025-06-26,Corporate Bonds,728888271.02,Level 2A
1062,2025-06-26,Covered Bonds,448871334.15,Level 2B
1063,2025-06-27,Cash,1136830434.48,Level 1
1064,2025-06-27,Government Bonds,3183127743.4,Level 1
1065,2025-06-27,Treasury Bills,1469672900.45,Level 1
1066,2025-06-27,Central Bank Reserves,836333102.0,Level 1
1067,2025-06-27,Corporate Bonds,736931875.69,Level 2A
1068,2025-06-27,Covered Bonds,457833557.36,Level 2B
1069,2025-06-28,Cash,1171741441.92,Level 1
1070,2025-06-28,Government Bonds,3258386933.12,Level 1
1071,2025-06-28,Treasury Bills,1486179848.84,Level 1
1072,2025-06-28,Central Bank Reserves,893111084.03,Level 1
1073,2025-06-28,Corporate Bonds,713046578.3,Level 2A
1074,2025-06-28,Covered Bonds,447288647.94,Level 2B
1075,2025-06-29,Cash,1138056771.49,Level 1
1076,2025-06-29,Government Bonds,3231766542.54,Level 1
1077,2025-06-29,Treasury Bills,1504532764.36,Level 1
1078,2025-06-29,Central Bank Reserves,861110838.09,Level 1
1079,2025-06-29,Corporate Bonds,746544985.31,Level 2A
1080,2025-06-29,Covered Bonds,449074802.73,Level 2B
1081,2025-06-30,Cash,1143921003.5,Level 1
1082,2025-06-30,Government Bonds,3210336112.08,Level 1
1083,2025-06-30,Treasury Bills,1420497989.75,Level 1
1084,2025-06-30,Central Bank Reserves,810804941.41,Level 1
1085,2025-06-30,Corporate Bonds,675453094.17,Level 2A
1086,2025-06-30,Covered Bonds,420103104.52,Level 2B
1087,2025-07-01,Cash,1157384784.62,Level 1
1088,2025-07-01,Government Bonds,3315531613.69,Level 1
1089,2025-07-01,Treasury Bills,1445749373.55,Level 1
1090,2025-07-01,Central Bank Reserves,876335882.81,Level 1
1091,2025-07-01,Corporate Bonds,769417744.09,Level 2A
1092,2025-07-01,Covered Bonds,456333715.73,Level 2B
1093,2025-07-02,Cash,1123770000.74,Level 1
1094,2025-07-02,Government Bonds,2966010712.86,Level 1
1095,2025-07-02,Treasury Bills,1412096075.57,Level 1
1096,2025-07-02,Central Bank Reserves,862668538.1,Level 1
1097,2025-07-02,Corporate Bonds,680412749.17,Level 2A
1098,2025-07-02,Covered Bonds,415479355.15,Level 2B
1099,2025-07-03,Cash,1201256717.49,Level 1
1100,2025-07-03,Government Bonds,3326829765.74,Level 1
1101,2025-07-03,Treasury Bills,1375528417.33,Level 1
1102,2025-07-03,Central Bank Reserves,887235567.55,Level 1
1103,2025-07-03,Corporate Bonds,711312895.22,Level 2A
1104,2025-07-03,Covered Bonds,427684142.66,Level 2B
1105,2025-07-04,Cash,1226974790.93,Level 1
1106,2025-07-04,Government Bonds,3384707040.89,Level 1
1107,2025-07-04,Treasury Bills,1483474430.94,Level 1
1108,2025-07-04,Central Bank Reserves,870652534.65,Level 1
1109,2025-07-04,Corporate Bonds,757225879.49,Level 2A
1110,2025-07-04,Covered Bonds,430639632.63,Level 2B
1111,2025-07-05,Cash,1147991586.27,Level 1
1112,2025-07-05,Government Bonds,3252421170.36,Level 1
1113,2025-07-05,Treasury Bills,1417787569.8,Level 1
1114,2025-07-05,Central Bank Reserves,846410098.78,Level 1
1115,2025-07-05,Corporate Bonds,758226126.48,Level 2A
1116,2025-07-05,Covered Bonds,419284200.71,Level 2B
1117,2025-07-06,Cash,1128022017.79,Level 1
1118,2025-07-06,Government Bonds,3044006424.02,Level 1
1119,2025-07-06,Treasury Bills,1383217016.72,Level 1
1120,2025-07-06,Central Bank Reserves,842045196.26,Level 1
1121,2025-07-06,Corporate Bonds,751859525.24,Level 2A
1122,2025-07-06,Covered Bonds,425689944.27,Level 2B
1123,2025-07-07,Cash,1201076046.13,Level 1
1124,2025-07-07,Government Bonds,3255451312.73,Level 1
1125,2025-07-07,Treasury Bills,1501116696.59,Level 1
1126,2025-07-07,Central Bank Reserves,895005992.75,Level 1
1127,2025-07-07,Corporate Bonds,763863323.71,Level 2A
1128,2025-07-07,Covered Bonds,437039844.19,Level 2B
1129,2025-07-08,Cash,1195084178.81,Level 1
1130,2025-07-08,Government Bonds,3303037762.14,Level 1
1131,2025-07-08,Treasury Bills,1493634456.44,Level 1
1132,2025-07-08,Central Bank Reserves,855382995.5,Level 1
1133,2025-07-08,Corporate Bonds,738754972.74,Level 2A
1134,2025-07-08,Covered Bonds,430144295.78,Level 2B
1135,2025-07-09,Cash,1125576723.01,Level 1
1136,2025-07-09,Government Bonds,3218595403.37,Level 1
1137,2025-07-09,Treasury Bills,1404282390.03,Level 1
1138,2025-07-09,Central Bank Reserves,855219872.14,Level 1
1139,2025-07-09,Corporate Bonds,750628873.78,Level 2A
1140,2025-07-09,Covered Bonds,422195468.7,Level 2B
1141,2025-07-10,Cash,1081443896.95,Level 1
1142,2025-07-10,Government Bonds,3244911985.07,Level 1
1143,2025-07-10,Treasury Bills,1413668414.69,Level 1
1144,2025-07-10,Central Bank Reserves,839936098.68,Level 1
1145,2025-07-10,Corporate Bonds,728304150.52,Level 2A
1146,2025-07-10,Covered Bonds,438039776.91,Level 2B
1147,2025-07-11,Cash,1170554054.28,Level 1
1148,2025-07-11,Government Bonds,3243498732.48,Level 1
1149,2025-07-11,Treasury Bills,1457599189.06,Level 1
1150,2025-07-11,Central Bank Reserves,831234333.19,Level 1
1151,2025-07-11,Corporate Bonds,744677450.49,Level 2A
1152,2025-07-11,Covered Bonds,432303676.32,Level 2B
1153,2025-07-12,Cash,1136299754.31,Level 1
1154,2025-07-12,Government Bonds,3002775712.72,Level 1
1155,2025-07-12,Treasury Bills,1377820045.59,Level 1
1156,2025-07-12,Central Bank Reserves,881446101.23,Level 1
1157,2025-07-12,Corporate Bonds,679761505.53,Level 2A
1158,2025-07-12,Covered Bonds,425740513.37,Level 2B
1159,2025-07-13,Cash,1109834525.52,Level 1
1160,2025-07-13,Government Bonds,3345424205.95,Level 1
1161,2025-07-13,Treasury Bills,1412192923.56,Level 1
1162,2025-07-13,Central Bank Reserves,854117312.79,Level 1
1163,2025-07-13,Corporate Bonds,711745827.21,Level 2A
1164,2025-07-13,Covered Bonds,423844802.08,Level 2B
1165,2025-07-14,Cash,1151110806.82,Level 1
1166,2025-07-14,Government Bonds,3239051261.77,Level 1
1167,2025-07-14,Treasury Bills,1367846565.77,Level 1
1168,2025-07-14,Central Bank Reserves,857737740.41,Level 1
1169,2025-07-14,Corporate Bonds,720327021.28,Level 2A
1170,2025-07-14,Covered Bonds,436691615.91,Level 2B
1171,2025-07-15,Cash,1131861099.03,Level 1
1172,2025-07-15,Government Bonds,3119719092.51,Level 1
1173,2025-07-15,Treasury Bills,1473955712.49,Level 1
1174,2025-07-15,Central Bank Reserves,893393118.18,Level 1
1175,2025-07-15,Corporate Bonds,698658539.69,Level 2A
1176,2025-07-15,Covered Bonds,427392617.79,Level 2B
1177,2025-07-16,Cash,1224409462.26,Level 1
1178,2025-07-16,Government Bonds,3425331265.46,Level 1
1179,2025-07-16,Treasury Bills,1522723870.35,Level 1
1180,2025-07-16,Central Bank Reserves,881465170.64,Level 1
1181,2025-07-16,Corporate Bonds,749214116.32,Level 2A
1182,2025-07-16,Covered Bonds,452663673.44,Level 2B
1183,2025-07-17,Cash,1135691620.33,Level 1
1184,2025-07-17,Government Bonds,3174400912.63,Level 1
1185,2025-07-17,Treasury Bills,1366307322.39,Level 1
1186,2025-07-17,Central Bank Reserves,871792833.98,Level 1
1187,2025-07-17,Corporate Bonds,712582739.01,Level 2A
1188,2025-07-17,Covered Bonds,443171796.36,Level 2B
1189,2025-07-18,Cash,1101677799.34,Level 1
1190,2025-07-18,Government Bonds,3133925902.72,Level 1
1191,2025-07-18,Treasury Bills,1381501807.15,Level 1
1192,2025-07-18,Central Bank Reserves,864257182.2,Level 1
1193,2025-07-18,Corporate Bonds,723357712.52,Level 2A
1194,2025-07-18,Covered Bonds,406241372.78,Level 2B
1195,2025-07-19,Cash,1161996432.45,Level 1
1196,2025-07-19,Government Bonds,3150917646.75,Level 1
1197,2025-07-19,Treasury Bills,1514031625.55,Level 1
1198,2025-07-19,Central Bank Reserves,899239938.22,Level 1
1199,2025-07-19,Corporate Bonds,739912234.58,Level 2A
1200,2025-07-19,Covered Bonds,444692560.25,Level 2B
1201,2025-07-20,Cash,1206058631.69,Level 1
1202,2025-07-20,Government Bonds,3244605820.84,Level 1
1203,2025-07-20,Treasury Bills,1479795291.83,Level 1
1204,2025-07-20,Central Bank Reserves,899396410.4,Level 1
1205,2025-07-20,Corporate Bonds,706992467.42,Level 2A
1206,2025-07-20,Covered Bonds,447327692.88,Level 2B
1207,2025-07-21,Cash,1121176461.54,Level 1
1208,2025-07-21,Government Bonds,3080187686.13,Level 1
1209,2025-07-21,Treasury Bills,1491603359.71,Level 1
1210,2025-07-21,Central Bank Reserves,884543102.82,Level 1
1211,2025-07-21,Corporate Bonds,726061089.63,Level 2A
1212,2025-07-21,Covered Bonds,436742142.92,Level 2B
1213,2025-07-22,Cash,1216375938.96,Level 1
1214,2025-07-22,Government Bonds,3200682830.14,Level 1
1215,2025-07-22,Treasury Bills,1438010876.63,Level 1
1216,2025-07-22,Central Bank Reserves,843815090.9,Level 1
1217,2025-07-22,Corporate Bonds,748527356.64,Level 2A
1218,2025-07-22,Covered Bonds,446856393.24,Level 2B
1219,2025-07-23,Cash,1097255713.27,Level 1
1220,2025-07-23,Government Bonds,3275255350.12,Level 1
1221,2025-07-23,Treasury Bills,1369586063.77,Level 1
1222,2025-07-23,Central Bank Reserves,881562247.07,Level 1
1223,2025-07-23,Corporate Bonds,753826519.17,Level 2A
1224,2025-07-23,Covered Bonds,429288750.17,Level 2B
1225,2025-07-24,Cash,1164941284.14,Level 1
1226,2025-07-24,Government Bonds,3238829119.94,Level 1
1227,2025-07-24,Treasury Bills,1433568026.23,Level 1
1228,2025-07-24,Central Bank Reserves,896151565.96,Level 1
1229,2025-07-24,Corporate Bonds,681484191.19,Level 2A
1230,2025-07-24,Covered Bonds,428288097.19,Level 2B
1231,2025-07-25,Cash,1217822062.27,Level 1
1232,2025-07-25,Government Bonds,3128153526.54,Level 1
1233,2025-07-25,Treasury Bills,1513076169.69,Level 1
1234,2025-07-25,Central Bank Reserves,886048915.08,Level 1
1235,2025-07-25,Corporate Bonds,726904586.24,Level 2A
1236,2025-07-25,Covered Bonds,424471268.64,Level 2B
1237,2025-07-26,Cash,1144796908.33,Level 1
1238,2025-07-26,Government Bonds,3197910017.55,Level 1
1239,2025-07-26,Treasury Bills,1450670082.51,Level 1
1240,2025-07-26,Central Bank Reserves,922089688.16,Level 1
1241,2025-07-26,Corporate Bonds,753685763.96,Level 2A
1242,2025-07-26,Covered Bonds,457722722.64,Level 2B
1243,2025-07-27,Cash,1156901087.04,Level 1
1244,2025-07-27,Government Bonds,3164783862.45,Level 1
1245,2025-07-27,Treasury Bills,1475828560.62,Level 1
1246,2025-07-27,Central Bank Reserves,891775046.8,Level 1
1247,2025-07-27,Corporate Bonds,679306256.1,Level 2A
1248,2025-07-27,Covered Bonds,435943743.16,Level 2B
1249,2025-07-28,Cash,1134322975.7,Level 1
1250,2025-07-28,Government Bonds,3038297869.83,Level 1
1251,2025-07-28,Treasury Bills,1383745705.01,Level 1
1252,2025-07-28,Central Bank Reserves,834157209.91,Level 1
1253,2025-07-28,Corporate Bonds,714062098.46,Level 2A
1254,2025-07-28,Covered Bonds,416278201.04,Level 2B
1255,2025-07-29,Cash,1164966404.6,Level 1
1256,2025-07-29,Government Bonds,3094920774.84,Level 1
1257,2025-07-29,Treasury Bills,1511964461.18,Level 1
1258,2025-07-29,Central Bank Reserves,863247627.66,Level 1
1259,2025-07-29,Corporate Bonds,730179951.36,Level 2A
1260,2025-07-29,Covered Bonds,449252882.47,Level 2B
1261,2025-07-30,Cash,1097419952.4,Level 1
1262,2025-07-30,Government Bonds,3118117231.09,Level 1
1263,2025-07-30,Treasury Bills,1499220887.94,Level 1
1264,2025-07-30,Central Bank Reserves,873461146.06,Level 1
1265,2025-07-30,Corporate Bonds,730019104.42,Level 2A
1266,2025-07-30,Covered Bonds,436323533.8,Level 2B
1267,2025-07-31,Cash,1129747672.86,Level 1
1268,2025-07-31,Government Bonds,3210991154.01,Level 1
1269,2025-07-31,Treasury Bills,1367055298.29,Level 1
1270,2025-07-31,Central Bank Reserves,835309632.45,Level 1
1271,2025-07-31,Corporate Bonds,695982177.63,Level 2A
1272,2025-07-31,Covered Bonds,424239926.18,Level 2B
1273,2025-08-01,Cash,1141817962.32,Level 1
1274,2025-08-01,Government Bonds,3288080135.99,Level 1
1275,2025-08-01,Treasury Bills,1443959957.65,Level 1
1276,2025-08-01,Central Bank Reserves,937204340.85,Level 1
1277,2025-08-01,Corporate Bonds,717052501.77,Level 2A
1278,2025-08-01,Covered Bonds,443223406.3,Level 2B
1279,2025-08-02,Cash,1200623785.17,Level 1
1280,2025-08-02,Government Bonds,3210529795.59,Level 1
1281,2025-08-02,Treasury Bills,1448124364.55,Level 1
1282,2025-08-02,Central Bank Reserves,873382732.33,Level 1
1283,2025-08-02,Corporate Bonds,718014099.07,Level 2A
1284,2025-08-02,Covered Bonds,428207828.11,Level 2B
1285,2025-08-03,Cash,1131996801.79,Level 1
1286,2025-08-03,Government Bonds,3119023063.45,Level 1
1287,2025-08-03,Treasury Bills,1471230952.81,Level 1
1288,2025-08-03,Central Bank Reserves,909835939.16,Level 1
1289,2025-08-03,Corporate Bonds,731768277.81,Level 2A
1290,2025-08-03,Covered Bonds,416174668.52,Level 2B
1291,2025-08-04,Cash,1181492236.91,Level 1
1292,2025-08-04,Government Bonds,3045749139.53,Level 1
1293,2025-08-04,Treasury Bills,1355431748.45,Level 1
1294,2025-08-04,Central Bank Reserves,856242915.04,Level 1
1295,2025-08-04,Corporate Bonds,715274141.86,Level 2A
1296,2025-08-04,Covered Bonds,430218189.23,Level 2B
1297,2025-08-05,Cash,1088348999.04,Level 1
1298,2025-08-05,Government Bonds,3291750437.35,Level 1
1299,2025-08-05,Treasury Bills,1394147561.47,Level 1
1300,2025-08-05,Central Bank Reserves,872958948.59,Level 1
1301,2025-08-05,Corporate Bonds,729653585.43,Level 2A
1302,2025-08-05,Covered Bonds,433647732.19,Level 2B
1303,2025-08-06,Cash,1120723590.41,Level 1
1304,2025-08-06,Government Bonds,3184996911.96,Level 1
1305,2025-08-06,Treasury Bills,1486210914.23,Level 1
1306,2025-08-06,Central Bank Reserves,898663309.78,Level 1
1307,2025-08-06,Corporate Bonds,688610377.15,Level 2A
1308,2025-08-06,Covered Bonds,415270478.86,Level 2B
1309,2025-08-07,Cash,1219123892.81,Level 1
1310,2025-08-07,Government Bonds,3400557690.0,Level 1
1311,2025-08-07,Treasury Bills,1444423211.03,Level 1
1312,2025-08-07,Central Bank Reserves,901038536.13,Level 1
1313,2025-08-07,Corporate Bonds,759317773.06,Level 2A
1314,2025-08-07,Covered Bonds,454651550.34,Level 2B
1315,2025-08-08,Cash,1097702955.83,Level 1
1316,2025-08-08,Government Bonds,3198727863.68,Level 1
1317,2025-08-08,Treasury Bills,1406406211.98,Level 1
1318,2025-08-08,Central Bank Reserves,860901488.19,Level 1
1319,2025-08-08,Corporate Bonds,753996400.16,Level 2A
1320,2025-08-08,Covered Bonds,428234999.12,Level 2B
1321,2025-08-09,Cash,1146784294.65,Level 1
1322,2025-08-09,Government Bonds,3311174575.45,Level 1
1323,2025-08-09,Treasury Bills,1550138911.42,Level 1
1324,2025-08-09,Central Bank Reserves,852396195.8,Level 1
1325,2025-08-09,Corporate Bonds,703407795.22,Level 2A
1326,2025-08-09,Covered Bonds,440920769.17,Level 2B
1327,2025-08-10,Cash,1159755067.42,Level 1
1328,2025-08-10,Government Bonds,3241037243.83,Level 1
1329,2025-08-10,Treasury Bills,1405225298.19,Level 1
1330,2025-08-10,Central Bank Reserves,828256061.56,Level 1
1331,2025-08-10,Corporate Bonds,702639691.65,Level 2A
1332,2025-08-10,Covered Bonds,433849924.85,Level 2B
1333,2025-08-11,Cash,1135901169.66,Level 1
1334,2025-08-11,Government Bonds,3131108445.65,Level 1
1335,2025-08-11,Treasury Bills,1426664409.85,Level 1
1336,2025-08-11,Central Bank Reserves,822589677.82,Level 1
1337,2025-08-11,Corporate Bonds,718705544.4,Level 2A
1338,2025-08-11,Covered Bonds,404935421.41,Level 2B
1339,2025-08-12,Cash,1182065666.41,Level 1
1340,2025-08-12,Government Bonds,3207218945.2,Level 1
1341,2025-08-12,Treasury Bills,1354601835.49,Level 1
1342,2025-08-12,Central Bank Reserves,832805647.39,Level 1
1343,2025-08-12,Corporate Bonds,691586335.68,Level 2A
1344,2025-08-12,Covered Bonds,417360926.18,Level 2B
1345,2025-08-13,Cash,1092451844.62,Level 1
1346,2025-08-13,Government Bonds,3128783352.18,Level 1
1347,2025-08-13,Treasury Bills,1461272917.62,Level 1
1348,2025-08-13,Central Bank Reserves,865967635.61,Level 1
1349,2025-08-13,Corporate Bonds,726362213.01,Level 2A
1350,2025-08-13,Covered Bonds,410467267.09,Level 2B
1351,2025-08-14,Cash,1231752474.55,Level 1
1352,2025-08-14,Government Bonds,3376375581.34,Level 1
1353,2025-08-14,Treasury Bills,1537381013.95,Level 1
1354,2025-08-14,Central Bank Reserves,932233433.4,Level 1
1355,2025-08-14,Corporate Bonds,747935172.54,Level 2A
1356,2025-08-14,Covered Bonds,433392990.41,Level 2B
1357,2025-08-15,Cash,1196499809.83,Level 1
1358,2025-08-15,Government Bonds,3288779833.08,Level 1
1359,2025-08-15,Treasury Bills,1463292074.97,Level 1
1360,2025-08-15,Central Bank Reserves,838288940.84,Level 1
1361,2025-08-15,Corporate Bonds,720670299.23,Level 2A
1362,2025-08-15,Covered Bonds,456479651.49,Level 2B
1363,2025-08-16,Cash,1170346679.69,Level 1
1364,2025-08-16,Government Bonds,3132054178.3,Level 1
1365,2025-08-16,Treasury Bills,1438175497.23,Level 1
1366,2025-08-16,Central Bank Reserves,908977620.62,Level 1
1367,2025-08-16,Corporate Bonds,740803249.18,Level 2A
1368,2025-08-16,Covered Bonds,449768795.66,Level 2B
1369,2025-08-17,Cash,1171889732.09,Level 1
1370,2025-08-17,Government Bonds,3101215954.76,Level 1
1371,2025-08-17,Treasury Bills,1475738264.22,Level 1
1372,2025-08-17,Central Bank Reserves,861335400.94,Level 1
1373,2025-08-17,Corporate Bonds,718859986.04,Level 2A
1374,2025-08-17,Covered Bonds,440286143.65,Level 2B
1375,2025-08-18,Cash,1138465967.01,Level 1
1376,2025-08-18,Government Bonds,3379808943.19,Level 1
1377,2025-08-18,Treasury Bills,1457063925.81,Level 1
1378,2025-08-18,Central Bank Reserves,887767124.0,Level 1
1379,2025-08-18,Corporate Bonds,708409600.59,Level 2A
1380,2025-08-18,Covered Bonds,437505881.28,Level 2B
1381,2025-08-19,Cash,1108691431.51,Level 1
1382,2025-08-19,Government Bonds,3187662709.08,Level 1
1383,2025-08-19,Treasury Bills,1512169736.63,Level 1
1384,2025-08-19,Central Bank Reserves,835801140.88,Level 1
1385,2025-08-19,Corporate Bonds,744289438.6,Level 2A
1386,2025-08-19,Covered Bonds,431138745.92,Level 2B
1387,2025-08-20,Cash,1142728589.25,Level 1
1388,2025-08-20,Government Bonds,3110066964.25,Level 1
1389,2025-08-20,Treasury Bills,1413808812.92,Level 1
1390,2025-08-20,Central Bank Reserves,840384962.73,Level 1
1391,2025-08-20,Corporate Bonds,708747252.43,Level 2A
1392,2025-08-20,Covered Bonds,446260086.6,Level 2B
1393,2025-08-21,Cash,1223838741.94,Level 1
1394,2025-08-21,Government Bonds,3323465937.45,Level 1
1395,2025-08-21,Treasury Bills,1425426061.27,Level 1
1396,2025-08-21,Central Bank Reserves,871163529.56,Level 1
1397,2025-08-21,Corporate Bonds,727498752.13,Level 2A
1398,2025-08-21,Covered Bonds,433836156.12,Level 2B
1399,2025-08-22,Cash,1165172349.66,Level 1
1400,2025-08-22,Government Bonds,3147177605.81,Level 1
1401,2025-08-22,Treasury Bills,1430085832.7,Level 1
1402,2025-08-22,Central Bank Reserves,899393368.06,Level 1
1403,2025-08-22,Corporate Bonds,746645361.18,Level 2A
1404,2025-08-22,Covered Bonds,427023238.76,Level 2B
1405,2025-08-23,Cash,1242630310.23,Level 1
1406,2025-08-23,Government Bonds,3212557795.45,Level 1
1407,2025-08-23,Treasury Bills,1464367147.91,Level 1
1408,2025-08-23,Central Bank Reserves,892102097.75,Level 1
1409,2025-08-23,Corporate Bonds,775775064.74,Level 2A
1410,2025-08-23,Covered Bonds,462576194.14,Level 2B
1411,2025-08-24,Cash,1120192216.8,Level 1
1412,2025-08-24,Government Bonds,3130550930.98,Level 1
1413,2025-08-24,Treasury Bills,1415866790.24,Level 1
1414,2025-08-24,Central Bank Reserves,823255244.78,Level 1
1415,2025-08-24,Corporate Bonds,733105589.31,Level 2A
1416,2025-08-24,Covered Bonds,432140407.63,Level 2B
1417,2025-08-25,Cash,1225978836.3,Level 1
1418,2025-08-25,Government Bonds,3335507438.21,Level 1
1419,2025-08-25,Treasury Bills,1470404856.94,Level 1
1420,2025-08-25,Central Bank Reserves,897451376.25,Level 1
1421,2025-08-25,Corporate Bonds,714576276.87,Level 2A
1422,2025-08-25,Covered Bonds,451526129.23,Level 2B
1423,2025-08-26,Cash,1159741206.55,Level 1
1424,2025-08-26,Government Bonds,3044010908.38,Level 1
1425,2025-08-26,Treasury Bills,1367707193.6,Level 1
1426,2025-08-26,Central Bank Reserves,824697184.1,Level 1
1427,2025-08-26,Corporate Bonds,675636791.07,Level 2A
1428,2025-08-26,Covered Bonds,435960565.7,Level 2B
1429,2025-08-27,Cash,1177931536.47,Level 1
1430,2025-08-27,Government Bonds,3124949983.21,Level 1
1431,2025-08-27,Treasury Bills,1408992263.25,Level 1
1432,2025-08-27,Central Bank Reserves,839712194.09,Level 1
1433,2025-08-27,Corporate Bonds,710538278.4,Level 2A
1434,2025-08-27,Covered Bonds,458304963.12,Level 2B
1435,2025-08-28,Cash,1125368589.97,Level 1
1436,2025-08-28,Government Bonds,3016587710.96,Level 1
1437,2025-08-28,Treasury Bills,1387880400.97,Level 1
1438,2025-08-28,Central Bank Reserves,858154823.43,Level 1
1439,2025-08-28,Corporate Bonds,721447774.21,Level 2A
1440,2025-08-28,Covered Bonds,417348719.72,Level 2B
1441,2025-08-29,Cash,1116913392.0,Level 1
1442,2025-08-29,Government Bonds,3022810780.79,Level 1
1443,2025-08-29,Treasury Bills,1371937097.56,Level 1
1444,2025-08-29,Central Bank Reserves,885860025.75,Level 1
1445,2025-08-29,Corporate Bonds,713969387.71,Level 2A
1446,2025-08-29,Covered Bonds,425865365.76,Level 2B
1447,2025-08-30,Cash,1145937143.09,Level 1
1448,2025-08-30,Government Bonds,3186862109.53,Level 1
1449,2025-08-30,Treasury Bills,1471010820.79,Level 1
1450,2025-08-30,Central Bank Reserves,883101296.44,Level 1
1451,2025-08-30,Corporate Bonds,697654309.54,Level 2A
1452,2025-08-30,Covered Bonds,432806610.13,Level 2B
1453,2025-08-31,Cash,1196626363.08,Level 1
1454,2025-08-31,Government Bonds,3214849958.33,Level 1
1455,2025-08-31,Treasury Bills,1447028546.93,Level 1
1456,2025-08-31,Central Bank Reserves,832120302.88,Level 1
1457,2025-08-31,Corporate Bonds,728788466.67,Level 2A
1458,2025-08-31,Covered Bonds,416138438.65,Level 2B
1459,2025-09-01,Cash,1107643920.72,Level 1
1460,2025-09-01,Government Bonds,3219514356.19,Level 1
1461,2025-09-01,Treasury Bills,1393659564.53,Level 1
1462,2025-09-01,Central Bank Reserves,852185844.63,Level 1
1463,2025-09-01,Corporate Bonds,746324709.77,Level 2A
1464,2025-09-01,Covered Bonds,418014487.56,Level 2B
1465,2025-09-02,Cash,1151174359.72,Level 1
1466,2025-09-02,Government Bonds,3037703471.4,Level 1
1467,2025-09-02,Treasury Bills,1493148846.5,Level 1
1468,2025-09-02,Central Bank Reserves,832896860.07,Level 1
1469,2025-09-02,Corporate Bonds,723472135.21,Level 2A
1470,2025-09-02,Covered Bonds,437844454.09,Level 2B
1471,2025-09-03,Cash,1190988358.41,Level 1
1472,2025-09-03,Government Bonds,3135268237.33,Level 1
1473,2025-09-03,Treasury Bills,1389572518.64,Level 1
1474,2025-09-03,Central Bank Reserves,896293253.19,Level 1
1475,2025-09-03,Corporate Bonds,733191574.06,Level 2A
1476,2025-09-03,Covered Bonds,453085714.93,Level 2B
1477,2025-09-04,Cash,1222962439.12,Level 1
1478,2025-09-04,Government Bonds,3246667240.88,Level 1
1479,2025-09-04,Treasury Bills,1453371716.86,Level 1
1480,2025-09-04,Central Bank Reserves,912631167.99,Level 1
1481,2025-09-04,Corporate Bonds,735381124.23,Level 2A
1482,2025-09-04,Covered Bonds,429352435.65,Level 2B
1483,2025-09-05,Cash,1230028297.23,Level 1
1484,2025-09-05,Government Bonds,3246965941.21,Level 1
1485,2025-09-05,Treasury Bills,1418048844.67,Level 1
1486,2025-09-05,Central Bank Reserves,878562659.38,Level 1
1487,2025-09-05,Corporate Bonds,762916553.89,Level 2A
1488,2025-09-05,Covered Bonds,462114228.63,Level 2B
1489,2025-09-06,Cash,1090024334.6,Level 1
1490,2025-09-06,Government Bonds,3251477813.0,Level 1
1491,2025-09-06,Treasury Bills,1408451156.47,Level 1
1492,2025-09-06,Central Bank Reserves,858089840.41,Level 1
1493,2025-09-06,Corporate Bonds,745432080.59,Level 2A
1494,2025-09-06,Covered Bonds,408741655.47,Level 2B
1495,2025-09-07,Cash,1120479514.2,Level 1
1496,2025-09-07,Government Bonds,3178309135.17,Level 1
1497,2025-09-07,Treasury Bills,1507348807.86,Level 1
1498,2025-09-07,Central Bank Reserves,871902777.11,Level 1
1499,2025-09-07,Corporate Bonds,767818327.75,Level 2A
1500,2025-09-07,Covered Bonds,441463041.33,Level 2B
1501,2025-09-08,Cash,1115434180.26,Level 1
1502,2025-09-08,Government Bonds,3108598148.15,Level 1
1503,2025-09-08,Treasury Bills,1416156756.09,Level 1
1504,2025-09-08,Central Bank Reserves,823545374.59,Level 1
1505,2025-09-08,Corporate Bonds,707866147.15,Level 2A
1506,2025-09-08,Covered Bonds,428793400.06,Level 2B
1507,2025-09-09,Cash,1193926138.41,Level 1
1508,2025-09-09,Government Bonds,3300118259.66,Level 1
1509,2025-09-09,Treasury Bills,1397138216.39,Level 1
1510,2025-09-09,Central Bank Reserves,856735708.84,Level 1
1511,2025-09-09,Corporate Bonds,746567860.53,Level 2A
1512,2025-09-09,Covered Bonds,440107685.14,Level 2B
1513,2025-09-10,Cash,1159842815.83,Level 1
1514,2025-09-10,Government Bonds,3179760210.22,Level 1
1515,2025-09-10,Treasury Bills,1413774665.94,Level 1
1516,2025-09-10,Central Bank Reserves,807579178.77,Level 1
1517,2025-09-10,Corporate Bonds,722229967.18,Level 2A
1518,2025-09-10,Covered Bonds,425622137.5,Level 2B
1519,2025-09-11,Cash,1209321104.26,Level 1
1520,2025-09-11,Government Bonds,3342260016.1,Level 1
1521,2025-09-11,Treasury Bills,1477185862.36,Level 1
1522,2025-09-11,Central Bank Reserves,852897162.34,Level 1
1523,2025-09-11,Corporate Bonds,749884104.9,Level 2A
1524,2025-09-11,Covered Bonds,447688423.58,Level 2B
1525,2025-09-12,Cash,1138010410.78,Level 1
1526,2025-09-12,Government Bonds,3137650032.38,Level 1
1527,2025-09-12,Treasury Bills,1528508235.45,Level 1
1528,2025-09-12,Central Bank Reserves,904709797.17,Level 1
1529,2025-09-12,Corporate Bonds,765564770.81,Level 2A
1530,2025-09-12,Covered Bonds,452740505.39,Level 2B
1531,2025-09-13,Cash,1184745631.49,Level 1
1532,2025-09-13,Government Bonds,3333450937.13,Level 1
1533,2025-09-13,Treasury Bills,1469946102.53,Level 1
1534,2025-09-13,Central Bank Reserves,886656694.54,Level 1
1535,2025-09-13,Corporate Bonds,704175635.99,Level 2A
1536,2025-09-13,Covered Bonds,436394713.63,Level 2B
1537,2025-09-14,Cash,1148145603.32,Level 1
1538,2025-09-14,Government Bonds,3135204275.06,Level 1
1539,2025-09-14,Treasury Bills,1441480936.07,Level 1
1540,2025-09-14,Central Bank Reserves,858514484.82,Level 1
1541,2025-09-14,Corporate Bonds,713476080.0,Level 2A
1542,2025-09-14,Covered Bonds,437336532.31,Level 2B
1543,2025-09-15,Cash,1189224518.79,Level 1
1544,2025-09-15,Government Bonds,3166070790.43,Level 1
1545,2025-09-15,Treasury Bills,1422641855.73,Level 1
1546,2025-09-15,Central Bank Reserves,908772355.21,Level 1
1547,2025-09-15,Corporate Bonds,734035959.35,Level 2A
1548,2025-09-15,Covered Bonds,459986807.08,Level 2B
1549,2025-09-16,Cash,1205794843.52,Level 1
1550,2025-09-16,Government Bonds,3147084890.72,Level 1
1551,2025-09-16,Treasury Bills,1492036425.51,Level 1
1552,2025-09-16,Central Bank Reserves,857603401.9,Level 1
1553,2025-09-16,Corporate Bonds,764075840.45,Level 2A
1554,2025-09-16,Covered Bonds,445152288.07,Level 2B
1555,2025-09-17,Cash,1121330915.04,Level 1
1556,2025-09-17,Government Bonds,3058855268.62,Level 1
1557,2025-09-17,Treasury Bills,1462658298.09,Level 1
1558,2025-09-17,Central Bank Reserves,836625444.41,Level 1
1559,2025-09-17,Corporate Bonds,724202998.08,Level 2A
1560,2025-09-17,Covered Bonds,420289184.51,Level 2B
1561,2025-09-18,Cash,1208161079.84,Level 1
1562,2025-09-18,Government Bonds,3310552810.65,Level 1
1563,2025-09-18,Treasury Bills,1502282314.57,Level 1
1564,2025-09-18,Central Bank Reserves,851022604.41,Level 1
1565,2025-09-18,Corporate Bonds,701913548.23,Level 2A
1566,2025-09-18,Covered Bonds,447965766.92,Level 2B
1567,2025-09-19,Cash,1143051119.73,Level 1
1568,2025-09-19,Government Bonds,3016419643.93,Level 1
1569,2025-09-19,Treasury Bills,1403960168.89,Level 1
1570,2025-09-19,Central Bank Reserves,822878042.12,Level 1
1571,2025-09-19,Corporate Bonds,746546916.56,Level 2A
1572,2025-09-19,Covered Bonds,420489790.43,Level 2B
1573,2025-09-20,Cash,1110328290.2,Level 1
1574,2025-09-20,Government Bonds,3254381755.99,Level 1
1575,2025-09-20,Treasury Bills,1429239019.02,Level 1
1576,2025-09-20,Central Bank Reserves,907731066.74,Level 1
1577,2025-09-20,Corporate Bonds,755729538.73,Level 2A
1578,2025-09-20,Covered Bonds,428870496.76,Level 2B
1579,2025-09-21,Cash,1246845789.65,Level 1
1580,2025-09-21,Government Bonds,3373048879.51,Level 1
1581,2025-09-21,Treasury Bills,1536092978.69,Level 1
1582,2025-09-21,Central Bank Reserves,868568590.1,Level 1
1583,2025-09-21,Corporate Bonds,748136505.66,Level 2A
1584,2025-09-21,Covered Bonds,426187841.51,Level 2B
1585,2025-09-22,Cash,1188271267.96,Level 1
1586,2025-09-22,Government Bonds,3058509326.5,Level 1
1587,2025-09-22,Treasury Bills,1449869874.55,Level 1
1588,2025-09-22,Central Bank Reserves,874886123.96,Level 1
1589,2025-09-22,Corporate Bonds,732704742.1,Level 2A
1590,2025-09-22,Covered Bonds,445548064.51,Level 2B
1591,2025-09-23,Cash,1089515844.94,Level 1
1592,2025-09-23,Government Bonds,3112631924.33,Level 1
1593,2025-09-23,Treasury Bills,1374703832.73,Level 1
1594,2025-09-23,Central Bank Reserves,815601601.83,Level 1
1595,2025-09-23,Corporate Bonds,703792990.75,Level 2A
1596,2025-09-23,Covered Bonds,440404235.64,Level 2B
1597,2025-09-24,Cash,1142802185.1,Level 1
1598,2025-09-24,Government Bonds,3252097588.83,Level 1
1599,2025-09-24,Treasury Bills,1416746059.85,Level 1
1600,2025-09-24,Central Bank Reserves,831038054.55,Level 1
1601,2025-09-24,Corporate Bonds,747120584.23,Level 2A
1602,2025-09-24,Covered Bonds,442131514.57,Level 2B
1603,2025-09-25,Cash,1123931345.73,Level 1
1604,2025-09-25,Government Bonds,3349438383.34,Level 1
1605,2025-09-25,Treasury Bills,1490424390.05,Level 1
1606,2025-09-25,Central Bank Reserves,889294394.67,Level 1
1607,2025-09-25,Corporate Bonds,745586869.33,Level 2A
1608,2025-09-25,Covered Bonds,457948439.33,Level 2B
1609,2025-09-26,Cash,1175490006.22,Level 1
1610,2025-09-26,Government Bonds,3363982771.27,Level 1
1611,2025-09-26,Treasury Bills,1494983527.54,Level 1
1612,2025-09-26,Central Bank Reserves,869491459.15,Level 1
1613,2025-09-26,Corporate Bonds,743896452.65,Level 2A
1614,2025-09-26,Covered Bonds,432425434.26,Level 2B
1615,2025-09-27,Cash,1152181787.82,Level 1
1616,2025-09-27,Government Bonds,3272474877.33,Level 1
1617,2025-09-27,Treasury Bills,1487625148.43,Level 1
1618,2025-09-27,Central Bank Reserves,842316805.07,Level 1
1619,2025-09-27,Corporate Bonds,715180056.34,Level 2A
1620,2025-09-27,Covered Bonds,415583867.7,Level 2B
1621,2025-09-28,Cash,1251965263.27,Level 1
1622,2025-09-28,Government Bonds,3333975441.37,Level 1
1623,2025-09-28,Treasury Bills,1538572575.76,Level 1
1624,2025-09-28,Central Bank Reserves,915142163.88,Level 1
1625,2025-09-28,Corporate Bonds,753514772.83,Level 2A
1626,2025-09-28,Covered Bonds,427928822.05,Level 2B
1627,2025-09-29,Cash,1177071779.54,Level 1
1628,2025-09-29,Government Bonds,3237820771.26,Level 1
1629,2025-09-29,Treasury Bills,1427717210.09,Level 1
1630,2025-09-29,Central Bank Reserves,905961604.73,Level 1
1631,2025-09-29,Corporate Bonds,698981089.59,Level 2A
1632,2025-09-29,Covered Bonds,433834942.81,Level 2B
1633,2025-09-30,Cash,1196415183.51,Level 1
1634,2025-09-30,Government Bonds,3274494075.62,Level 1
1635,2025-09-30,Treasury Bills,1433650520.16,Level 1
1636,2025-09-30,Central Bank Reserves,849711554.34,Level 1
1637,2025-09-30,Corporate Bonds,743272004.09,Level 2A
1638,2025-09-30,Covered Bonds,444351186.87,Level 2B
1639,2025-10-01,Cash,1161021513.83,Level 1
1640,2025-10-01,Government Bonds,3114603720.87,Level 1
1641,2025-10-01,Treasury Bills,1445961273.28,Level 1
1642,2025-10-01,Central Bank Reserves,882048647.61,Level 1
1643,2025-10-01,Corporate Bonds,687567960.75,Level 2A
1644,2025-10-01,Covered Bonds,406116412.06,Level 2B
1645,2025-10-02,Cash,1192363534.5,Level 1
1646,2025-10-02,Government Bonds,3308171737.02,Level 1
1647,2025-10-02,Treasury Bills,1524135501.76,Level 1
1648,2025-10-02,Central Bank Reserves,911354876.28,Level 1
1649,2025-10-02,Corporate Bonds,771117274.58,Level 2A
1650,2025-10-02,Covered Bonds,443873930.62,Level 2B
1651,2025-10-03,Cash,1147826067.15,Level 1
1652,2025-10-03,Government Bonds,3077401761.77,Level 1
1653,2025-10-03,Treasury Bills,1459519901.7,Level 1
1654,2025-10-03,Central Bank Reserves,850012952.66,Level 1
1655,2025-10-03,Corporate Bonds,755023270.74,Level 2A
1656,2025-10-03,Covered Bonds,438316038.08,Level 2B
1657,2025-10-04,Cash,1149539194.23,Level 1
1658,2025-10-04,Government Bonds,3064058116.36,Level 1
1659,2025-10-04,Treasury Bills,1389801726.64,Level 1
1660,2025-10-04,Central Bank Reserves,868139261.2,Level 1
1661,2025-10-04,Corporate Bonds,698751762.5,Level 2A
1662,2025-10-04,Covered Bonds,442096861.67,Level 2B
1663,2025-10-05,Cash,1231949166.16,Level 1
1664,2025-10-05,Government Bonds,3314813450.14,Level 1
1665,2025-10-05,Treasury Bills,1440316155.02,Level 1
1666,2025-10-05,Central Bank Reserves,922189399.43,Level 1
1667,2025-10-05,Corporate Bonds,770203946.42,Level 2A
1668,2025-10-05,Covered Bonds,431446197.06,Level 2B
1669,2025-10-06,Cash,1151408349.88,Level 1
1670,2025-10-06,Government Bonds,3333360911.51,Level 1
1671,2025-10-06,Treasury Bills,1543782663.01,Level 1
1672,2025-10-06,Central Bank Reserves,840923435.21,Level 1
1673,2025-10-06,Corporate Bonds,764547460.85,Level 2A
1674,2025-10-06,Covered Bonds,446607240.99,Level 2B
1675,2025-10-07,Cash,1188773249.68,Level 1
1676,2025-10-07,Government Bonds,3394569706.56,Level 1
1677,2025-10-07,Treasury Bills,1425929178.95,Level 1
1678,2025-10-07,Central Bank Reserves,879972815.18,Level 1
1679,2025-10-07,Corporate Bonds,713309237.14,Level 2A
1680,2025-10-07,Covered Bonds,468620012.72,Level 2B
1681,2025-10-08,Cash,1223734653.21,Level 1
1682,2025-10-08,Government Bonds,3393036797.44,Level 1
1683,2025-10-08,Treasury Bills,1416272586.51,Level 1
1684,2025-10-08,Central Bank Reserves,876403737.85,Level 1
1685,2025-10-08,Corporate Bonds,707096921.67,Level 2A
1686,2025-10-08,Covered Bonds,430453257.48,Level 2B
1687,2025-10-09,Cash,1137638484.66,Level 1
1688,2025-10-09,Government Bonds,3065570775.0,Level 1
1689,2025-10-09,Treasury Bills,1369536152.22,Level 1
1690,2025-10-09,Central Bank Reserves,827414357.19,Level 1
1691,2025-10-09,Corporate Bonds,688070137.63,Level 2A
1692,2025-10-09,Covered Bonds,448181127.18,Level 2B
1693,2025-10-10,Cash,1233151246.27,Level 1
1694,2025-10-10,Government Bonds,3220106741.58,Level 1
1695,2025-10-10,Treasury Bills,1439921911.63,Level 1
1696,2025-10-10,Central Bank Reserves,909890318.91,Level 1
1697,2025-10-10,Corporate Bonds,723486661.01,Level 2A
1698,2025-10-10,Covered Bonds,432904943.19,Level 2B
1699,2025-10-11,Cash,1099114626.77,Level 1
1700,2025-10-11,Government Bonds,3062360232.39,Level 1
1701,2025-10-11,Treasury Bills,1406086084.42,Level 1
1702,2025-10-11,Central Bank Reserves,870931357.53,Level 1
1703,2025-10-11,Corporate Bonds,682158960.81,Level 2A
1704,2025-10-11,Covered Bonds,415627570.56,Level 2B
1705,2025-10-12,Cash,1139791586.57,Level 1
1706,2025-10-12,Government Bonds,3198020217.78,Level 1
1707,2025-10-12,Treasury Bills,1530740987.95,Level 1
1708,2025-10-12,Central Bank Reserves,855552894.94,Level 1
1709,2025-10-12,Corporate Bonds,707630041.74,Level 2A
1710,2025-10-12,Covered Bonds,442380448.89,Level 2B
1711,2025-10-13,Cash,1153516571.61,Level 1
1712,2025-10-13,Government Bonds,3247947958.44,Level 1
1713,2025-10-13,Treasury Bills,1380820751.96,Level 1
1714,2025-10-13,Central Bank Reserves,866623888.22,Level 1
1715,2025-10-13,Corporate Bonds,716799899.23,Level 2A
1716,2025-10-13,Covered Bonds,414544119.69,Level 2B
1717,2025-10-14,Cash,1142177228.08,Level 1
1718,2025-10-14,Government Bonds,3209823584.56,Level 1
1719,2025-10-14,Treasury Bills,1399766716.15,Level 1
1720,2025-10-14,Central Bank Reserves,872930373.81,Level 1
1721,2025-10-14,Corporate Bonds,716258143.22,Level 2A
1722,2025-10-14,Covered Bonds,452364277.34,Level 2B
1723,2025-10-15,Cash,1119975131.9,Level 1
1724,2025-10-15,Government Bonds,3092297830.36,Level 1
1725,2025-10-15,Treasury Bills,1443215792.75,Level 1
1726,2025-10-15,Central Bank Reserves,853165513.29,Level 1
1727,2025-10-15,Corporate Bonds,717529227.06,Level 2A
1728,2025-10-15,Covered Bonds,435168440.62,Level 2B
1729,2025-10-16,Cash,1163149677.24,Level 1
1730,2025-10-16,Government Bonds,3271718487.04,Level 1
1731,2025-10-16,Treasury Bills,1531899067.05,Level 1
1732,2025-10-16,Central Bank Reserves,932414648.64,Level 1
1733,2025-10-16,Corporate Bonds,769609699.38,Level 2A
1734,2025-10-16,Covered Bonds,438740815.14,Level 2B
1735,2025-10-17,Cash,1137575629.17,Level 1
1736,2025-10-17,Government Bonds,3207328634.37,Level 1
1737,2025-10-17,Treasury Bills,1422421709.46,Level 1
1738,2025-10-17,Central Bank Reserves,852651190.44,Level 1
1739,2025-10-17,Corporate Bonds,735812946.81,Level 2A
1740,2025-10-17,Covered Bonds,421125179.78,Level 2B
1741,2025-10-18,Cash,1173997689.57,Level 1
1742,2025-10-18,Government Bonds,3202888193.89,Level 1
1743,2025-10-18,Treasury Bills,1474486652.42,Level 1
1744,2025-10-18,Central Bank Reserves,912107076.46,Level 1
1745,2025-10-18,Corporate Bonds,712950868.59,Level 2A
1746,2025-10-18,Covered Bonds,430899795.09,Level 2B
1747,2025-10-19,Cash,1152757965.17,Level 1
1748,2025-10-19,Government Bonds,3298596762.37,Level 1
1749,2025-10-19,Treasury Bills,1501087810.62,Level 1
1750,2025-10-19,Central Bank Reserves,892638297.71,Level 1
1751,2025-10-19,Corporate Bonds,755416128.98,Level 2A
1752,2025-10-19,Covered Bonds,434711835.19,Level 2B
1753,2025-10-20,Cash,1148790539.19,Level 1
1754,2025-10-20,Government Bonds,3251814367.33,Level 1
1755,2025-10-20,Treasury Bills,1402394653.44,Level 1
1756,2025-10-20,Central Bank Reserves,878934789.63,Level 1
1757,2025-10-20,Corporate Bonds,704400810.87,Level 2A
1758,2025-10-20,Covered Bonds,426715033.25,Level 2B
1759,2025-10-21,Cash,1104252318.35,Level 1
1760,2025-10-21,Government Bonds,3238309255.95,Level 1
1761,2025-10-21,Treasury Bills,1394979771.68,Level 1
1762,2025-10-21,Central Bank Reserves,891849259.87,Level 1
1763,2025-10-21,Corporate Bonds,746258541.49,Level 2A
1764,2025-10-21,Covered Bonds,430705839.12,Level 2B
1765,2025-10-22,Cash,1120912185.88,Level 1
1766,2025-10-22,Government Bonds,3214612614.68,Level 1
1767,2025-10-22,Treasury Bills,1400124623.17,Level 1
1768,2025-10-22,Central Bank Reserves,816204764.11,Level 1
1769,2025-10-22,Corporate Bonds,713499271.03,Level 2A
1770,2025-10-22,Covered Bonds,440373514.1,Level 2B
1771,2025-10-23,Cash,1142241628.94,Level 1
1772,2025-10-23,Government Bonds,3302730766.64,Level 1
1773,2025-10-23,Treasury Bills,1434499135.46,Level 1
1774,2025-10-23,Central Bank Reserves,860496118.02,Level 1
1775,2025-10-23,Corporate Bonds,765474536.44,Level 2A
1776,2025-10-23,Covered Bonds,431640930.49,Level 2B
1777,2025-10-24,Cash,1086420631.22,Level 1
1778,2025-10-24,Government Bonds,3261249297.38,Level 1
1779,2025-10-24,Treasury Bills,1471226095.46,Level 1
1780,2025-10-24,Central Bank Reserves,868561769.52,Level 1
1781,2025-10-24,Corporate Bonds,732587785.25,Level 2A
1782,2025-10-24,Covered Bonds,413899876.12,Level 2B
1783,2025-10-25,Cash,1139883927.58,Level 1
1784,2025-10-25,Government Bonds,3052761886.82,Level 1
1785,2025-10-25,Treasury Bills,1444368101.96,Level 1
1786,2025-10-25,Central Bank Reserves,904337308.95,Level 1
1787,2025-10-25,Corporate Bonds,689924746.27,Level 2A
1788,2025-10-25,Covered Bonds,424863479.48,Level 2B
1789,2025-10-26,Cash,1109802867.42,Level 1
1790,2025-10-26,Government Bonds,3262027676.84,Level 1
1791,2025-10-26,Treasury Bills,1420007319.22,Level 1
1792,2025-10-26,Central Bank Reserves,851853134.34,Level 1
1793,2025-10-26,Corporate Bonds,730838261.27,Level 2A
1794,2025-10-26,Covered Bonds,412600961.68,Level 2B
1795,2025-10-27,Cash,1150998159.11,Level 1
1796,2025-10-27,Government Bonds,3218453477.94,Level 1
1797,2025-10-27,Treasury Bills,1521272606.07,Level 1
1798,2025-10-27,Central Bank Reserves,892759393.69,Level 1
1799,2025-10-27,Corporate Bonds,717046964.17,Level 2A
1800,2025-10-27,Covered Bonds,448905296.5,Level 2B
1801,2025-10-28,Cash,1083691205.79,Level 1
1802,2025-10-28,Government Bonds,3034555367.63,Level 1
1803,2025-10-28,Treasury Bills,1398668498.16,Level 1
1804,2025-10-28,Central Bank Reserves,853713315.18,Level 1
1805,2025-10-28,Corporate Bonds,718857763.37,Level 2A
1806,2025-10-28,Covered Bonds,443913941.42,Level 2B
1807,2025-10-29,Cash,1160833901.33,Level 1
1808,2025-10-29,Government Bonds,3048328750.81,Level 1
1809,2025-10-29,Treasury Bills,1383379601.99,Level 1
1810,2025-10-29,Central Bank Reserves,874967927.55,Level 1
1811,2025-10-29,Corporate Bonds,720943948.91,Level 2A
1812,2025-10-29,Covered Bonds,450020260.2,Level 2B
1813,2025-10-30,Cash,1082401872.12,Level 1
1814,2025-10-30,Government Bonds,3109128411.93,Level 1
1815,2025-10-30,Treasury Bills,1383188500.9,Level 1
1816,2025-10-30,Central Bank Reserves,813901671.5,Level 1
1817,2025-10-30,Corporate Bonds,726191420.82,Level 2A
1818,2025-10-30,Covered Bonds,409592016.11,Level 2B
1819,2025-10-31,Cash,1141975740.81,Level 1
1820,2025-10-31,Government Bonds,3105900672.87,Level 1
1821,2025-10-31,Treasury Bills,1441874447.61,Level 1
1822,2025-10-31,Central Bank Reserves,902050506.25,Level 1
1823,2025-10-31,Corporate Bonds,721837838.17,Level 2A
1824,2025-10-31,Covered Bonds,448806514.76,Level 2B
1825,2025-11-01,Cash,1164864320.76,Level 1
1826,2025-11-01,Government Bonds,3036285520.36,Level 1
1827,2025-11-01,Treasury Bills,1442561317.08,Level 1
1828,2025-11-01,Central Bank Reserves,856044779.55,Level 1
1829,2025-11-01,Corporate Bonds,739122511.4,Level 2A
1830,2025-11-01,Covered Bonds,420433861.95,Level 2B
1831,2025-11-02,Cash,1075479038.81,Level 1
1832,2025-11-02,Government Bonds,3208517795.91,Level 1
1833,2025-11-02,Treasury Bills,1415749677.62,Level 1
1834,2025-11-02,Central Bank Reserves,870676732.81,Level 1
1835,2025-11-02,Corporate Bonds,687375228.79,Level 2A
1836,2025-11-02,Covered Bonds,417113467.41,Level 2B
1837,2025-11-03,Cash,1179319039.1,Level 1
1838,2025-11-03,Government Bonds,3152101971.0,Level 1
1839,2025-11-03,Treasury Bills,1470162790.49,Level 1
1840,2025-11-03,Central Bank Reserves,825644813.54,Level 1
1841,2025-11-03,Corporate Bonds,712412793.27,Level 2A
1842,2025-11-03,Covered Bonds,430281542.17,Level 2B
1843,2025-11-04,Cash,1187240082.47,Level 1
1844,2025-11-04,Government Bonds,3296161987.31,Level 1
1845,2025-11-04,Treasury Bills,1489319928.68,Level 1
1846,2025-11-04,Central Bank Reserves,881047236.13,Level 1
1847,2025-11-04,Corporate Bonds,701106218.36,Level 2A
1848,2025-11-04,Covered Bonds,420842338.42,Level 2B
1849,2025-11-05,Cash,1133863553.29,Level 1
1850,2025-11-05,Government Bonds,3349523192.77,Level 1
1851,2025-11-05,Treasury Bills,1521049468.15,Level 1
1852,2025-11-05,Central Bank Reserves,905158153.0,Level 1
1853,2025-11-05,Corporate Bonds,781676937.2,Level 2A
1854,2025-11-05,Covered Bonds,438682952.37,Level 2B
1855,2025-11-06,Cash,1100487988.0,Level 1
1856,2025-11-06,Government Bonds,3141298426.08,Level 1
1857,2025-11-06,Treasury Bills,1401762267.4,Level 1
1858,2025-11-06,Central Bank Reserves,848152000.81,Level 1
1859,2025-11-06,Corporate Bonds,742062327.95,Level 2A
1860,2025-11-06,Covered Bonds,449584951.67,Level 2B
1861,2025-11-07,Cash,1123616918.81,Level 1
1862,2025-11-07,Government Bonds,3264004216.89,Level 1
1863,2025-11-07,Treasury Bills,1360319073.31,Level 1
1864,2025-11-07,Central Bank Reserves,818799354.0,Level 1
1865,2025-11-07,Corporate Bonds,687342720.68,Level 2A
1866,2025-11-07,Covered Bonds,430861294.4,Level 2B
1867,2025-11-08,Cash,1188831034.82,Level 1
1868,2025-11-08,Government Bonds,3106458804.59,Level 1
1869,2025-11-08,Treasury Bills,1419806575.88,Level 1
1870,2025-11-08,Central Bank Reserves,830176182.28,Level 1
1871,2025-11-08,Corporate Bonds,707734315.45,Level 2A
1872,2025-11-08,Covered Bonds,432772860.77,Level 2B
1873,2025-11-09,Cash,1207374436.7,Level 1
1874,2025-11-09,Government Bonds,3263297032.85,Level 1
1875,2025-11-09,Treasury Bills,1531368201.89,Level 1
1876,2025-11-09,Central Bank Reserves,911142096.87,Level 1
1877,2025-11-09,Corporate Bonds,754843049.82,Level 2A
1878,2025-11-09,Covered Bonds,421933230.75,Level 2B
1879,2025-11-10,Cash,1093309508.47,Level 1
1880,2025-11-10,Government Bonds,3146237074.57,Level 1
1881,2025-11-10,Treasury Bills,1394602995.74,Level 1
1882,2025-11-10,Central Bank Reserves,836019589.95,Level 1
1883,2025-11-10,Corporate Bonds,730606770.78,Level 2A
1884,2025-11-10,Covered Bonds,438827390.13,Level 2B
1885,2025-11-11,Cash,1166358406.1,Level 1
1886,2025-11-11,Government Bonds,3330759225.29,Level 1
1887,2025-11-11,Treasury Bills,1451672113.39,Level 1
1888,2025-11-11,Central Bank Reserves,863781179.39,Level 1
1889,2025-11-11,Corporate Bonds,719373650.54,Level 2A
1890,2025-11-11,Covered Bonds,438642535.14,Level 2B
1891,2025-11-12,Cash,1193353818.12,Level 1
1892,2025-11-12,Government Bonds,3055848725.48,Level 1
1893,2025-11-12,Treasury Bills,1477827404.33,Level 1
1894,2025-11-12,Central Bank Reserves,869068864.7,Level 1
1895,2025-11-12,Corporate Bonds,706643803.54,Level 2A
1896,2025-11-12,Covered Bonds,432860858.46,Level 2B
1897,2025-11-13,Cash,1157087690.04,Level 1
1898,2025-11-13,Government Bonds,3130858442.36,Level 1
1899,2025-11-13,Treasury Bills,1384517865.3,Level 1
1900,2025-11-13,Central Bank Reserves,826600106.74,Level 1
1901,2025-11-13,Corporate Bonds,719642279.97,Level 2A
1902,2025-11-13,Covered Bonds,447073334.52,Level 2B
1903,2025-11-14,Cash,1175914416.61,Level 1
1904,2025-11-14,Government Bonds,3210272607.52,Level 1
1905,2025-11-14,Treasury Bills,1498413916.11,Level 1
1906,2025-11-14,Central Bank Reserves,889518487.58,Level 1
1907,2025-11-14,Corporate Bonds,722995830.05,Level 2A
1908,2025-11-14,Covered Bonds,437694168.41,Level 2B
1909,2025-11-15,Cash,1175793265.81,Level 1
1910,2025-11-15,Government Bonds,3209677970.25,Level 1
1911,2025-11-15,Treasury Bills,1412031719.4,Level 1
1912,2025-11-15,Central Bank Reserves,919884805.23,Level 1
1913,2025-11-15,Corporate Bonds,764672505.95,Level 2A
1914,2025-11-15,Covered Bonds,427780374.6,Level 2B
1915,2025-11-16,Cash,1161151883.54,Level 1
1916,2025-11-16,Government Bonds,3082517806.13,Level 1
1917,2025-11-16,Treasury Bills,1526690321.46,Level 1
1918,2025-11-16,Central Bank Reserves,849076034.77,Level 1
1919,2025-11-16,Corporate Bonds,696823087.71,Level 2A
1920,2025-11-16,Covered Bonds,441150864.83,Level 2B
1921,2025-11-17,Cash,1121611242.05,Level 1
1922,2025-11-17,Government Bonds,3287075651.23,Level 1
1923,2025-11-17,Treasury Bills,1475530829.97,Level 1
1924,2025-11-17,Central Bank Reserves,847458213.78,Level 1
1925,2025-11-17,Corporate Bonds,711308410.9,Level 2A
1926,2025-11-17,Covered Bonds,444233680.24,Level 2B
1927,2025-11-18,Cash,1196049867.18,Level 1
1928,2025-11-18,Government Bonds,3251458621.77,Level 1
1929,2025-11-18,Treasury Bills,1501543626.73,Level 1
1930,2025-11-18,Central Bank Reserves,838716703.5,Level 1
1931,2025-11-18,Corporate Bonds,749780417.52,Level 2A
1932,2025-11-18,Covered Bonds,426730156.7,Level 2B
1933,2025-11-19,Cash,1097705053.47,Level 1
1934,2025-11-19,Government Bonds,3019452464.92,Level 1
1935,2025-11-19,Treasury Bills,1464321047.77,Level 1
1936,2025-11-19,Central Bank Reserves,858413790.13,Level 1
1937,2025-11-19,Corporate Bonds,698721281.84,Level 2A
1938,2025-11-19,Covered Bonds,435932591.44,Level 2B
1939,2025-11-20,Cash,1151670673.57,Level 1
1940,2025-11-20,Government Bonds,3098450618.37,Level 1
1941,2025-11-20,Treasury Bills,1474718048.38,Level 1
1942,2025-11-20,Central Bank Reserves,884586035.86,Level 1
1943,2025-11-20,Corporate Bonds,712631581.85,Level 2A
1944,2025-11-20,Covered Bonds,422156455.83,Level 2B
1945,2025-11-21,Cash,1185604605.25,Level 1
1946,2025-11-21,Government Bonds,3109335192.07,Level 1
1947,2025-11-21,Treasury Bills,1396204197.86,Level 1
1948,2025-11-21,Central Bank Reserves,826991467.43,Level 1
1949,2025-11-21,Corporate Bonds,716626515.43,Level 2A
1950,2025-11-21,Covered Bonds,430641966.55,Level 2B
1951,2025-11-22,Cash,1150729511.22,Level 1
1952,2025-11-22,Government Bonds,3216509612.4,Level 1
1953,2025-11-22,Treasury Bills,1525292592.31,Level 1
1954,2025-11-22,Central Bank Reserves,916526591.1,Level 1
1955,2025-11-22,Corporate Bonds,731292715.57,Level 2A
1956,2025-11-22,Covered Bonds,442083242.07,Level 2B
1957,2025-11-23,Cash,1195892839.95,Level 1
1958,2025-11-23,Government Bonds,3032132128.21,Level 1
1959,2025-11-23,Treasury Bills,1495037214.55,Level 1
1960,2025-11-23,Central Bank Reserves,875539101.98,Level 1
1961,2025-11-23,Corporate Bonds,718704900.83,Level 2A
1962,2025-11-23,Covered Bonds,409776374.87,Level 2B
1963,2025-11-24,Cash,1147615944.16,Level 1
1964,2025-11-24,Government Bonds,3077416153.06,Level 1
1965,2025-11-24,Treasury Bills,1470523053.38,Level 1
1966,2025-11-24,Central Bank Reserves,909656231.24,Level 1
1967,2025-11-24,Corporate Bonds,728440521.4,Level 2A
1968,2025-11-24,Covered Bonds,443691149.65,Level 2B
1969,2025-11-25,Cash,1120660817.18,Level 1
1970,2025-11-25,Government Bonds,2988188597.95,Level 1
1971,2025-11-25,Treasury Bills,1428387095.7,Level 1
1972,2025-11-25,Central Bank Reserves,884633297.61,Level 1
1973,2025-11-25,Corporate Bonds,717652784.57,Level 2A
1974,2025-11-25,Covered Bonds,405804154.9,Level 2B
1975,2025-11-26,Cash,1155710472.7,Level 1
1976,2025-11-26,Government Bonds,3131575631.74,Level 1
1977,2025-11-26,Treasury Bills,1485312480.53,Level 1
1978,2025-11-26,Central Bank Reserves,889551230.54,Level 1
1979,2025-11-26,Corporate Bonds,726715029.08,Level 2A
1980,2025-11-26,Covered Bonds,425750208.65,Level 2B
1981,2025-11-27,Cash,1097923972.93,Level 1
1982,2025-11-27,Government Bonds,3097563237.07,Level 1
1983,2025-11-27,Treasury Bills,1416309098.2,Level 1
1984,2025-11-27,Central Bank Reserves,872300601.98,Level 1
1985,2025-11-27,Corporate Bonds,725655392.11,Level 2A
1986,2025-11-27,Covered Bonds,410188500.36,Level 2B
1987,2025-11-28,Cash,1116028378.62,Level 1
1988,2025-11-28,Government Bonds,3061163886.14,Level 1
1989,2025-11-28,Treasury Bills,1488048120.05,Level 1
1990,2025-11-28,Central Bank Reserves,824929616.31,Level 1
1991,2025-11-28,Corporate Bonds,714621360.78,Level 2A
1992,2025-11-28,Covered Bonds,417923831.38,Level 2B
1993,2025-11-29,Cash,1193168677.39,Level 1
1994,2025-11-29,Government Bonds,3174963947.54,Level 1
1995,2025-11-29,Treasury Bills,1483361695.87,Level 1
1996,2025-11-29,Central Bank Reserves,910398717.56,Level 1
1997,2025-11-29,Corporate Bonds,775470354.34,Level 2A
1998,2025-11-29,Covered Bonds,432463146.86,Level 2B
1999,2025-11-30,Cash,1238424862.1,Level 1
2000,2025-11-30,Government Bonds,3399831325.31,Level 1
2001,2025-11-30,Treasury Bills,1503687858.56,Level 1
2002,2025-11-30,Central Bank Reserves,901714786.85,Level 1
2003,2025-11-30,Corporate Bonds,734619082.44,Level 2A
2004,2025-11-30,Covered Bonds,456313052.65,Level 2B
2005,2025-12-01,Cash,1182799527.08,Level 1
2006,2025-12-01,Government Bonds,3173124895.05,Level 1
2007,2025-12-01,Treasury Bills,1486352593.64,Level 1
2008,2025-12-01,Central Bank Reserves,899915573.76,Level 1
2009,2025-12-01,Corporate Bonds,700679788.13,Level 2A
2010,2025-12-01,Covered Bonds,450326409.34,Level 2B
2011,2025-12-02,Cash,1202882550.4,Level 1
2012,2025-12-02,Government Bonds,3175745015.19,Level 1
2013,2025-12-02,Treasury Bills,1435924262.68,Level 1
2014,2025-12-02,Central Bank Reserves,908301069.84,Level 1
2015,2025-12-02,Corporate Bonds,708669053.51,Level 2A
2016,2025-12-02,Covered Bonds,451061177.8,Level 2B
2017,2025-12-03,Cash,1160521335.53,Level 1
2018,2025-12-03,Government Bonds,3125901498.63,Level 1
2019,2025-12-03,Treasury Bills,1459190754.5,Level 1
2020,2025-12-03,Central Bank Reserves,853973827.55,Level 1
2021,2025-12-03,Corporate Bonds,690933953.05,Level 2A
2022,2025-12-03,Covered Bonds,424674385.37,Level 2B
2023,2025-12-04,Cash,1179489700.12,Level 1
2024,2025-12-04,Government Bonds,3239693973.4,Level 1
2025,2025-12-04,Treasury Bills,1392302750.73,Level 1
2026,2025-12-04,Central Bank Reserves,863512806.89,Level 1
2027,2025-12-04,Corporate Bonds,692679523.56,Level 2A
2028,2025-12-04,Covered Bonds,429338617.38,Level 2B
2029,2025-12-05,Cash,1234031366.72,Level 1
2030,2025-12-05,Government Bonds,3216043674.08,Level 1
2031,2025-12-05,Treasury Bills,1518403412.4,Level 1
2032,2025-12-05,Central Bank Reserves,865206032.69,Level 1
2033,2025-12-05,Corporate Bonds,774486764.54,Level 2A
2034,2025-12-05,Covered Bonds,421964658.28,Level 2B
2035,2025-12-06,Cash,1185823232.51,Level 1
2036,2025-12-06,Government Bonds,3270174566.32,Level 1
2037,2025-12-06,Treasury Bills,1403621287.95,Level 1
2038,2025-12-06,Central Bank Reserves,913793285.29,Level 1
2039,2025-12-06,Corporate Bonds,706245711.61,Level 2A
2040,2025-12-06,Covered Bonds,443075044.11,Level 2B
2041,2025-12-07,Cash,1118707465.44,Level 1
2042,2025-12-07,Government Bonds,3151493875.35,Level 1
2043,2025-12-07,Treasury Bills,1414065653.51,Level 1
2044,2025-12-07,Central Bank Reserves,826455186.52,Level 1
2045,2025-12-07,Corporate Bonds,689476267.47,Level 2A
2046,2025-12-07,Covered Bonds,424260392.02,Level 2B
2047,2025-12-08,Cash,1224783425.45,Level 1
2048,2025-12-08,Government Bonds,3104532766.14,Level 1
2049,2025-12-08,Treasury Bills,1456644413.56,Level 1
2050,2025-12-08,Central Bank Reserves,848114658.45,Level 1
2051,2025-12-08,Corporate Bonds,700603743.91,Level 2A
2052,2025-12-08,Covered Bonds,448858443.91,Level 2B
2053,2025-12-09,Cash,1127800414.78,Level 1
2054,2025-12-09,Government Bonds,3124173155.24,Level 1
2055,2025-12-09,Treasury Bills,1389426201.62,Level 1
2056,2025-12-09,Central Bank Reserves,904667392.87,Level 1
2057,2025-12-09,Corporate Bonds,764083167.21,Level 2A
2058,2025-12-09,Covered Bonds,421718944.7,Level 2B
2059,2025-12-10,Cash,1183357647.12,Level 1
2060,2025-12-10,Government Bonds,3272454469.31,Level 1
2061,2025-12-10,Treasury Bills,1415172077.85,Level 1
2062,2025-12-10,Central Bank Reserves,817517053.45,Level 1
2063,2025-12-10,Corporate Bonds,680463108.23,Level 2A
2064,2025-12-10,Covered Bonds,431156494.51,Level 2B
2065,2025-12-11,Cash,1098220547.25,Level 1
2066,2025-12-11,Government Bonds,3195886970.62,Level 1
2067,2025-12-11,Treasury Bills,1370276116.71,Level 1
2068,2025-12-11,Central Bank Reserves,889249818.96,Level 1
2069,2025-12-11,Corporate Bonds,706397501.05,Level 2A
2070,2025-12-11,Covered Bonds,412334303.48,Level 2B
2071,2025-12-12,Cash,1154217789.58,Level 1
2072,2025-12-12,Government Bonds,3358854172.6,Level 1
2073,2025-12-12,Treasury Bills,1464129423.22,Level 1
2074,2025-12-12,Central Bank Reserves,854954135.31,Level 1
2075,2025-12-12,Corporate Bonds,744108133.39,Level 2A
2076,2025-12-12,Covered Bonds,427313201.29,Level 2B
2077,2025-12-13,Cash,1173250607.75,Level 1
2078,2025-12-13,Government Bonds,3283666081.37,Level 1
2079,2025-12-13,Treasury Bills,1418421669.48,Level 1
2080,2025-12-13,Central Bank Reserves,884518152.24,Level 1
2081,2025-12-13,Corporate Bonds,767265387.23,Level 2A
2082,2025-12-13,Covered Bonds,459168955.35,Level 2B
2083,2025-12-14,Cash,1109563327.75,Level 1
2084,2025-12-14,Government Bonds,3236780691.71,Level 1
2085,2025-12-14,Treasury Bills,1487391205.69,Level 1
2086,2025-12-14,Central Bank Reserves,820988127.67,Level 1
2087,2025-12-14,Corporate Bonds,709446999.06,Level 2A
2088,2025-12-14,Covered Bonds,420850931.81,Level 2B
2089,2025-12-15,Cash,1136414304.36,Level 1
2090,2025-12-15,Government Bonds,3166749391.25,Level 1
2091,2025-12-15,Treasury Bills,1519672012.33,Level 1
2092,2025-12-15,Central Bank Reserves,849444258.64,Level 1
2093,2025-12-15,Corporate Bonds,740571726.25,Level 2A
2094,2025-12-15,Covered Bonds,442100613.43,Level 2B
2095,2025-12-16,Cash,1136366223.19,Level 1
2096,2025-12-16,Government Bonds,3167760534.36,Level 1
2097,2025-12-16,Treasury Bills,1386979040.88,Level 1
2098,2025-12-16,Central Bank Reserves,867557147.86,Level 1
2099,2025-12-16,Corporate Bonds,739720275.49,Level 2A
2100,2025-12-16,Covered Bonds,441882426.3,Level 2B
2101,2025-12-17,Cash,1096069279.61,Level 1
2102,2025-12-17,Government Bonds,3051339760.55,Level 1
2103,2025-12-17,Treasury Bills,1400163440.87,Level 1
2104,2025-12-17,Central Bank Reserves,844134598.64,Level 1
2105,2025-12-17,Corporate Bonds,722702153.55,Level 2A
2106,2025-12-17,Covered Bonds,407082846.3,Level 2B
2107,2025-12-18,Cash,1115424912.4,Level 1
2108,2025-12-18,Government Bonds,3162075561.68,Level 1
2109,2025-12-18,Treasury Bills,1366305730.25,Level 1
2110,2025-12-18,Central Bank Reserves,857677089.44,Level 1
2111,2025-12-18,Corporate Bonds,687831952.21,Level 2A
2112,2025-12-18,Covered Bonds,439180800.1,Level 2B
2113,2025-12-19,Cash,1163467064.37,Level 1
2114,2025-12-19,Government Bonds,3177558169.05,Level 1
2115,2025-12-19,Treasury Bills,1471258764.8,Level 1
2116,2025-12-19,Central Bank Reserves,867545330.6,Level 1
2117,2025-12-19,Corporate Bonds,755007057.12,Level 2A
2118,2025-12-19,Covered Bonds,459848064.87,Level 2B
2119,2025-12-20,Cash,1210062616.06,Level 1
2120,2025-12-20,Government Bonds,3189929070.35,Level 1
2121,2025-12-20,Treasury Bills,1414707423.34,Level 1
2122,2025-12-20,Central Bank Reserves,899952140.08,Level 1
2123,2025-12-20,Corporate Bonds,722308853.49,Level 2A
2124,2025-12-20,Covered Bonds,447045360.61,Level 2B
2125,2025-12-21,Cash,1096127946.74,Level 1
2126,2025-12-21,Government Bonds,3301072470.77,Level 1
2127,2025-12-21,Treasury Bills,1380881256.32,Level 1
2128,2025-12-21,Central Bank Reserves,899935483.77,Level 1
2129,2025-12-21,Corporate Bonds,749149624.95,Level 2A
2130,2025-12-21,Covered Bonds,441619009.21,Level 2B
2131,2025-12-22,Cash,1180207789.43,Level 1
2132,2025-12-22,Government Bonds,3338417053.88,Level 1
2133,2025-12-22,Treasury Bills,1433046485.21,Level 1
2134,2025-12-22,Central Bank Reserves,875483248.8,Level 1
2135,2025-12-22,Corporate Bonds,740673467.37,Level 2A
2136,2025-12-22,Covered Bonds,435260771.91,Level 2B
2137,2025-12-23,Cash,1135351732.99,Level 1
2138,2025-12-23,Government Bonds,3196521708.9,Level 1
2139,2025-12-23,Treasury Bills,1494303461.87,Level 1
2140,2025-12-23,Central Bank Reserves,840360739.48,Level 1
2141,2025-12-23,Corporate Bonds,753205021.14,Level 2A
2142,2025-12-23,Covered Bonds,441296922.59,Level 2B
2143,2025-12-24,Cash,1189144363.97,Level 1
2144,2025-12-24,Government Bonds,3342769816.08,Level 1
2145,2025-12-24,Treasury Bills,1406613151.89,Level 1
2146,2025-12-24,Central Bank Reserves,915111221.22,Level 1
2147,2025-12-24,Corporate Bonds,705075777.61,Level 2A
2148,2025-12-24,Covered Bonds,460727649.44,Level 2B
2149,2025-12-25,Cash,1169647307.31,Level 1
2150,2025-12-25,Government Bonds,3189025600.43,Level 1
2151,2025-12-25,Treasury Bills,1532414222.11,Level 1
2152,2025-12-25,Central Bank Reserves,873559507.46,Level 1
2153,2025-12-25,Corporate Bonds,773685969.66,Level 2A
2154,2025-12-25,Covered Bonds,430053921.31,Level 2B
2155,2025-12-26,Cash,1188300661.98,Level 1
2156,2025-12-26,Government Bonds,3172617882.65,Level 1
2157,2025-12-26,Treasury Bills,1466627912.76,Level 1
2158,2025-12-26,Central Bank Reserves,835534516.41,Level 1
2159,2025-12-26,Corporate Bonds,721236967.07,Level 2A
2160,2025-12-26,Covered Bonds,429244945.88,Level 2B
2161,2025-12-27,Cash,1188484058.25,Level 1
2162,2025-12-27,Government Bonds,3233931290.33,Level 1
2163,2025-12-27,Treasury Bills,1448624444.14,Level 1
2164,2025-12-27,Central Bank Reserves,855769057.68,Level 1
2165,2025-12-27,Corporate Bonds,749079689.97,Level 2A
2166,2025-12-27,Covered Bonds,425711375.41,Level 2B
2167,2025-12-28,Cash,1142097456.86,Level 1
2168,2025-12-28,Government Bonds,3267258361.66,Level 1
2169,2025-12-28,Treasury Bills,1502974654.52,Level 1
2170,2025-12-28,Central Bank Reserves,855286566.69,Level 1
2171,2025-12-28,Corporate Bonds,701095088.05,Level 2A
2172,2025-12-28,Covered Bonds,423782537.52,Level 2B
2173,2025-12-29,Cash,1208170972.25,Level 1
2174,2025-12-29,Government Bonds,3064218703.27,Level 1
2175,2025-12-29,Treasury Bills,1493389596.83,Level 1
2176,2025-12-29,Central Bank Reserves,861639964.83,Level 1
2177,2025-12-29,Corporate Bonds,728044274.61,Level 2A
2178,2025-12-29,Covered Bonds,456540556.15,Level 2B
2179,2025-12-30,Cash,1144324838.77,Level 1
2180,2025-12-30,Government Bonds,3004268065.47,Level 1
2181,2025-12-30,Treasury Bills,1375324974.35,Level 1
2182,2025-12-30,Central Bank Reserves,840438122.4,Level 1
2183,2025-12-30,Corporate Bonds,683805152.02,Level 2A
2184,2025-12-30,Covered Bonds,436271667.73,Level 2B
2185,2025-12-31,Cash,1160437505.93,Level 1
2186,2025-12-31,Government Bonds,3072583433.84,Level 1
2187,2025-12-31,Treasury Bills,1414137473.03,Level 1
2188,2025-12-31,Central Bank Reserves,880347782.08,Level 1
2189,2025-12-31,Corporate Bonds,755383801.34,Level 2A
2190,2025-12-31,Covered Bonds,413608491.83,Level 2B
